:020000040000FA
:1000000000040020D90A00006D070000B90A0000B2
:1000100077070000810700008B0700000000000048
:10002000000000000000000000000000FD0A0000C9
:1000300095070000000000009F070000A9070000CE
:10004000B3070000BD070000C7070000D10700008C
:10005000DB070000E5070000EF070000F9070000DC
:10006000030800000D080000170800002108000028
:100070002B080000350800003F0800004908000078
:10008000530800005D0800006708000071080000C8
:100090007B080000850800008F0800009908000018
:1000A000A3080000AD080000B7080000C108000068
:1000B000CB080000D5080000DF080000E9080000B8
:1000C000F3080000FD080000070900001109000006
:1000D0001B090000250900002F0900003909000054
:1000E000430900004D0900005709000061090000A4
:1000F0006B090000750900007F09000089090000F4
:10010000930900001FB500F003F88DE80F001FBD34
:1001100000F0D8BC40F6FC7108684FF01022401C7B
:1001200008D00868401C09D00868401C04D0086842
:1001300000F037BA9069F5E79069F9E7704770B554
:100140000B46010B184400F6FF70040B4FF0805073
:100150000022090303692403406943431D1B104621
:1001600000F048FA29462046BDE8704000F042BA47
:10017000F0B54FF6FF734FF4B4751A466E1E11E0DA
:10018000A94201D3344600E00C46091B30F8027B3B
:10019000641E3B441A44F9D19CB204EB134394B25D
:1001A00004EB12420029EBD198B200EB134002EBB2
:1001B000124140EA0140F0BDF34992B00446D1E952
:1001C0000001CDE91001FF224021684600F020FC2B
:1001D00094E80F008DE80F00684610A902E004C8FB
:1001E00041F8042D8842FAD110216846FFF7C0FF7C
:1001F0001090AA208DF8440000F099F9FFF78AFFCB
:1002000040F6FC7420684FF01025401C0FD0206889
:1002100010226946803000F078F92068401C08D030
:100220002068082210A900F070F900F061F9A869AF
:10023000EEE7A869F5E74FF080500369406940F6A2
:10024000FC71434308684FF01022401C06D0086838
:1002500000F58050834203D2092070479069F7E788
:100260000868401C04D00868401C03D00020704778
:100270009069F9E70420704770B504460068C34DE3
:10028000072876D2DFE800F033041929631E250021
:10029000D4E9026564682946304600F062F92A46CE
:1002A0002146304600F031F9AA002146304600F0E0
:1002B00083FB002800D0032070BD00F035FC4FF414
:1002C000805007E0201D00F040F90028F4D100F034
:1002D0002BFC60682860002070BD241D94E8070096
:1002E000920000F069FB0028F6D00E2070BDFFF7E9
:1002F000A2FF0028FAD1D4E901034FF0805100EBAE
:10030000830208694D69684382420ED840F6F8704E
:1003100005684FF010226D1C09D0056805EB8305B8
:100320000B6949694B439D4203D9092070BD55694A
:10033000F4E70168491C03D00068401C02D003E0C8
:100340005069FAE70F2070BD2046FFF735FFFFF731
:1003500072FF0028F7D1201D00F0F7F80028F2D135
:1003600060680028F0D100F0E2F8FFF7D3FE00F05B
:10037000BFF8072070BD10B50C46182802D0012028
:10038000086010BD2068FFF777FF206010BD41684E
:10039000054609B1012700E0002740F6F8742068FF
:1003A0004FF01026401C2BD02068AA68920000F065
:1003B00003FB38B3A86881002068401C27D0206860
:1003C000FFF7BDFED7B12068401C22D026684FF051
:1003D0008050AC686D68016942695143A9420DD9EA
:1003E000016940694143A14208D92146304600F0E5
:1003F000B8F822462946304600F087F800F078F831
:100400007069D2E700F093F8FFF784FEF6E77069B1
:10041000D6E77669DBE740F6FC7420684FF01026DB
:10042000401C23D02068401C0CD02068401C1FD0EA
:100430002568206805F18005401C1BD027683879A5
:10044000AA2819D040F6F8700168491C42D001680A
:10045000491C45D00168491C3ED001680968491C07
:100460003ED00168491C39D000683EE0B069DAE747
:10047000B569DEE7B769E2E710212846FFF778FEA5
:100480003968814222D12068401C05D0D4F8001080
:1004900001F18002C03107E0B169F9E730B108CA63
:1004A00051F8040D984201D1012000E000208A4259
:1004B000F4D158B1286810B1042803D0FEE72846CB
:1004C000FFF765FF3149686808600EE0FFF722FE1C
:1004D00000F00EF87169BBE77169BFE7706904E06D
:1004E0004FF480500168491C01D000F0F7FAFEE794
:1004F000BFF34F8F26480168264A01F4E06111439B
:100500000160BFF34F8F00BFFDE72DE9F0411746B3
:100510000D460646002406E03046296800F054F8EF
:10052000641C2D1D361DBC42F6D3BDE8F08140F69B
:10053000FC700168491C04D0D0F800004FF48051D1
:10054000FDE54FF010208069F8E74FF080510A690F
:10055000496900684A43824201D810207047002050
:10056000704770B50C4605464FF4806608E0284693
:1005700000F017F8B44205D3A4F5806405F5805562
:10058000002CF4D170BD00004C0B000000000020D6
:100590000CED00E00400FA05144801680029FCD0C5
:1005A0007047134A0221116010490B68002BFCD0E0
:1005B0000F4B1B1D186008680028FCD0002010603D
:1005C00008680028FCD07047094B10B501221A605A
:1005D000064A1468002CFCD0016010680028FCD08A
:1005E0000020186010680028FCD010BD00E4014015
:1005F00004E5014070B50C46054600F083F840B9AB
:1006000000F096F828B900F09DF810B900F0A4F8B1
:1006100028B121462846BDE8704000F007B82146C1
:100620002846BDE8704000F037B800007FB50022D2
:1006300000920192029203920A0B000B6946012379
:1006400002440AE0440900F01F0651F8245003FA5E
:1006500006F6354341F82450401C8242F2D80D4939
:100660000868009A10430860081D0168019A114348
:10067000016000F047F800280AD0064910310868E8
:10068000029A10430860091D0868039A1043086025
:100690007FBD00000006004030B50F4C002200BFB7
:1006A00004EB0213D3F800582DB9D3F8045815B948
:1006B000D3F808581DB1521C082AF1D330BD082ABE
:1006C000FCD204EB0212C2F80008C3F8041802209E
:1006D000C3F8080830BD000000E001404FF0805032
:1006E000D0F83001082801D0002070470120704761
:1006F0004FF08050D0F830010D2801D00020704715
:10070000012070474FF08050D0F83001062803D008
:10071000401C01D000207047012070474FF08050EE
:10072000D0F83001102801D0002070470120704718
:100730004FF08050D0F830010E2801D000207047D3
:10074000012070474FF08050D0F830010A2801D0C6
:1007500000207047012070474FF08050D0F83001E2
:100760000F2801D0002070470120704708208F49D2
:1007700009680958084710208C4909680958084732
:1007800014208A49096809580847182087490968C8
:100790000958084730208549096809580847382012
:1007A00082490968095808473C2080490968095866
:1007B000084740207D4909680958084744207B497B
:1007C00009680958084748207849096809580847BE
:1007D0004C20764909680958084750207349096830
:1007E0000958084754207149096809580847582092
:1007F0006E490968095808475C206C49096809581E
:100800000847602069490968095808476420674912
:100810000968095808476820644909680958084761
:100820006C20624909680958084770205F490968C7
:100830000958084774205D49096809580847782015
:100840005A490968095808477C20584909680958D5
:1008500008478020554909680958084784205349AA
:100860000968095808478820504909680958084705
:100870008C204E4909680958084790204B4909685F
:100880000958084794204949096809580847982099
:1008900046490968095808479C204449096809588D
:1008A0000847A0204149096809580847A4203F4942
:1008B000096809580847A8203C49096809580847A9
:1008C000AC203A49096809580847B02037490968F7
:1008D00009580847B4203549096809580847B8201D
:1008E0003249096809580847BC2030490968095845
:1008F0000847C0202D49096809580847C4202B49DA
:10090000096809580847C82028490968095808474C
:10091000CC202649096809580847D020234909688E
:1009200009580847D4202149096809580847D820A0
:100930001E49096809580847DC201C4909680958FC
:100940000847E0201949096809580847E420174971
:10095000096809580847E8201449096809580847F0
:10096000EC201249096809580847F0200F49096826
:1009700009580847F4200D49096809580847F82024
:100980000A49096809580847FC20084909680958B4
:1009900008475FF480700549096809580847000056
:1009A00003480449024A034B70470000000000203E
:1009B000580B0000580B000040EA010310B59B07DC
:1009C0000FD1042A0DD310C808C9121F9C42F8D0B9
:1009D00020BA19BA884201D9012010BD4FF0FF306A
:1009E00010BD1AB1D30703D0521C07E0002010BD80
:1009F00010F8013B11F8014B1B1B07D110F8013B0C
:100A000011F8014B1B1B01D1921EF1D1184610BDEC
:100A100002F0FF0343EA032242EA024200F005B873
:100A20007047704770474FF000020429C0F01280F1
:100A300010F0030C00F01B80CCF1040CBCF1020F91
:100A400018BF00F8012BA8BF20F8022BA1EB0C0166
:100A500000F00DB85FEAC17C24BF00F8012B00F85C
:100A6000012B48BF00F8012B70474FF0000200B582
:100A7000134694469646203922BFA0E80C50A0E8C1
:100A80000C50B1F12001BFF4F7AF090728BFA0E86F
:100A90000C5048BF0CC05DF804EB890028BF40F83B
:100AA000042B08BF704748BF20F8022B11F0804F7D
:100AB00018BF00F8012B7047014B1B68DB68184713
:100AC0000000002009480A497047FFF7FBFFFFF7C5
:100AD00019FB00BD20BFFDE7064B1847064A106012
:100AE000016881F30888406800470000580B000047
:100AF000580B000017040000000000201EF0040F37
:100B00000CBFEFF30881EFF30981886902380078A0
:100B1000182803D100E00000074A1047074A12686E
:100B20002C3212681047000000B5054B1B68054ABF
:100B30009B58984700BD000077030000000000208C
:100B4000480B00000400000000100000000000003E
:080B500000FFFFFF0090D0033D
:1010000030100020256D0100BD2F0000776C01001D
:10101000BD2F0000BD2F0000BD2F0000000000000C
:10102000000000000000000000000000B16D0100A1
:10103000BD2F000000000000BD2F0000BD2F0000EC
:10104000196E01001F6E0100BD2F0000BD2F0000B2
:10105000BD2F0000BD2F0000BD2F0000BD2F0000E0
:10106000256E0100BD2F0000BD2F00002B6E01007A
:10107000BD2F0000316E0100376E01003D6E010092
:10108000BD2F0000BD2F0000BD2F0000BD2F0000B0
:10109000BD2F0000BD2F0000BD2F0000BD2F0000A0
:1010A000BD2F0000436E0100BD2F0000BD2F0000CA
:1010B000BD2F0000BD2F0000BD2F0000BD2F000080
:1010C000BD2F0000BD2F0000BD2F0000BD2F000070
:1010D000BD2F0000BD2F0000BD2F0000BD2F000060
:1010E000BD2F0000BD2F0000BD2F0000BD2F000050
:1010F000BD2F0000BD2F0000BD2F0000BD2F000040
:10110000BD2F0000BD2F000000F002F815F0F9FD22
:101110000AA090E8000C82448344AAF10107DA4552
:1011200001D115F0EEFDAFF2090EBAE80F0013F091
:10113000010F18BFFB1A43F001031847ECA201008E
:101140000CA301000A4410F8014B14F00F0508BF6E
:1011500010F8015B240908BF10F8014B6D1E05D083
:1011600010F8013B6D1E01F8013BF9D1641E03D05C
:10117000641E01F8015BFBD19142E4D3704700008B
:101180000023002400250026103A28BF78C1FBD890
:10119000520728BF30C148BF0B6070471FB500F031
:1011A00003F88DE80F001FBD15F0A8BD70B51B4CEE
:1011B00005460B202070A01C00F0ADF85920A0803F
:1011C00029462046BDE8704006F044BE06F04DBEFC
:1011D00070B50C461249097829B1A0F160015E2969
:1011E00008D3012013E0602804D06A2802D043F21B
:1011F00001000CE020CC0B4E94E80E0006EB8000C2
:10120000A0F58050241FD0F8806E2846B04720609B
:1012100070BD0120704706207047000008000020C4
:1012200024000020FCAF01003249884201D2012095
:1012300070470020704770B50446A0F500002E4EA0
:10124000B0F1786F02D23444A4F5000429488442F6
:1012500001D2012500E0002500F043F848B125B98E
:10126000B44204D32548006808E0012070BD002086
:1012700070BD002DF9D1B442F9D321488442F6D291
:10128000F3E710B50446A0F50000B0F1786F03D283
:1012900019480444A4F5000400F023F84FF08041FD
:1012A00030B11648006804E08C4204D2012003E00B
:1012B00013488442F8D2002080F0010010BD10B520
:1012C00020B1FFF7DEFF08B1012010BD002010BDE6
:1012D00010B520B1FFF7AFFF08B1012010BD00200D
:1012E00010BD084808490068884201D101207047B4
:1012F0000020704700C001000000002028000020EE
:101300000800002038000020BEBAFECA10B5FFF762
:101310004DFF002010BD4FF4897101807047FFF729
:1013200055BF0020704703487047FFF751BF704713
:101330007047000003F9004230B504461038FE4DF6
:1013400007280CD2DFE800F0040C060C0C0C0C0093
:10135000FFDF05E02878112802D0FFDF00E0FFDF83
:101360002C7030BD70B519F055FB04460DF04CFDE6
:10137000201AC5B206200BF04FFE044606200BF0E3
:1013800053FE201AC1B2EC480078122809D000227E
:101390001144C9B2132806D000200844281AC0B24C
:1013A00070BD0122F4E70120F7E71CB5E248417B5C
:1013B00049080CD0D0F80E100091408AADF8040016
:1013C00068460AF0A6F9BDE81C4006F0CABBDA4838
:1013D0000E300AF084F9F6E77CB505460C4608465F
:1013E000FFF729FF08B110207CBD2088ADF8000070
:1013F0008DF80250A0788DF80300E0788DF8040095
:1014000068460AF0E4FD06F0ACFB7CBD10B50AF0BE
:10141000B2FBBDE8104006F0A4BB30B50446A1F114
:1014200020000D460A2847D2DFE800F005070C1916
:10143000202532373C41FFDF3FE0207820283CD197
:10144000FFDF3AE02078242837D0252835D023281C
:1014500033D0B948007812282FD0FFDF2DE0207854
:1014600022282AD0232828D8FFDF26E02078222827
:1014700023D0FFDF21E0207822281ED024281CD092
:1014800026281AD0272818D0292816D0FFDF14E0E4
:101490002078252811D0FFDF0FE0207825280CD0F8
:1014A000FFDF0AE02078252807D0FFDF05E020785D
:1014B000282802D0FFDF00E0FFDF257030BD70B5C7
:1014C00014460D460646FFF7B6FE60B90DB1A542BB
:1014D00001D90C2070BD002409E000BF56F824009B
:1014E000FFF7A9FE08B1102070BD641CE4B2AC4245
:1014F000F4D3002070BD10B50278540809D0012241
:1015000043F20223012C07D0022C0DD0032C13D15F
:101510000FE00020087005E080790324B4EB901FF1
:101520000AD10A70002010BD8079B2EB901F03D160
:10153000F7E780798009F4D0184610BD08B500207F
:101540008DF800007C48817D49B1C07D02280FD014
:1015500003280FD0FFDF00BF9DF8000008BD7648CC
:1015600069460D3001F07FF90028F5D0FFDFF3E781
:10157000032000E001208DF80000EDE738B50C46AF
:101580000546694601F06FF900280DD19DF800105D
:10159000207861F34700207055F8010FC4F801006E
:1015A000A888A4F80500002038BD38B51378C0B16C
:1015B000022816D061A46D46246800944C7905EB8E
:1015C0009414247864F34703137003280ED003F0B7
:1015D000FE0010700868C2F801008888A2F80500B3
:1015E00038BD23F0FE0313700228EED1D8B240F0CC
:1015F0000100EEE702210BF063BD38B50C46097817
:10160000222901D2082038BDADF800008DF8022053
:1016100068460AF0AEF806F0A4FA050003D12121CD
:101620002046FFF7FAFE284638BD1CB500208DF88D
:101630000000CDF80100ADF805003F48807D02288C
:1016400001D0012000E000208DF8070068460AF074
:1016500005F9002800D0FFDF1CBD70B58AB00D462B
:10166000040005D0FFF734FE20B110200AB070BD91
:101670000820FBE72078C10704D1A9881F2901D2DF
:101680000920F3E780073AD4FFF76CFE38B12178E0
:10169000C1F3C100012804D0032802D004E01320C4
:1016A000E4E72548007BC8B1C8074FF001064FF0BA
:1016B000000502D08DF8196001E08DF81950FFF790
:1016C0003DFF8DF8000020786946C0F3C1008DF819
:1016D000010060788DF80250C20801D00720C5E7EC
:1016E00078B1C20701D08DF80260820705D59DF858
:1016F000022042F002028DF80220400703D50620A6
:10170000B4E78DF80260002022780B18C2F3800243
:10171000DA7001EB800263689360401CA368C0B27A
:1017200013610228F0D3A07B0028E8D1E07B0028D9
:10173000E5D1207C002803E0D80100200302FF014E
:10174000DDD1607C0028DAD1A07CC006D7D104F1BD
:101750000E0001F07CF88DF8180068460AF0DDF8FC
:1017600006F0FFF9002881D18DF81C608DF81D501E
:10177000A089ADF81E00ADF8205007A80AF045F981
:1017800006F0EFF900288BD12078C00701D0152092
:1017900000E01320FFF7D0FD002067E71CB50C46E2
:1017A0000021009101918DF8000038B12046FFF72B
:1017B00042FD08B110201CBD2068019068460AF067
:1017C000D2F906F0CEF91CBD032801D307207047DB
:1017D000FE4B53F82030104618472DE9FF470220F2
:1017E000FB4E8DF804000027708BADF80600B8465C
:1017F00043F202094CE001A80BF0CDFB050006D036
:10180000708BA8B3A6F81A80ADF806803EE0039C62
:10181000A07F01072DD504F124000090A28EBDF811
:101820000800214604F1360301F042FD050005D011
:101830004D452AD0112D3CD0FFDF3AE0A07F20F0AB
:101840000801E07F420862F3C711A177810861F3C4
:101850000000E07794F8210000F01F0084F82000D9
:101860002078282826D129212046FFF7D6FD21E01F
:1018700014E040070AD5BDF8080004F10E0100F09D
:10188000FCFF05000DD04D4510D100257F1CFFB297
:1018900002200BF0C1FB401CB842ACD8052D12D081
:1018A00008E0A07F20F00400A07703E0112D00D015
:1018B000FFDF0025BDF806007083052D05D0284602
:1018C00004B0BDE8F087A6F81A800020F8E72DE9FB
:1018D000FE4F040000D1FFDF2078DFF8F48220F013
:1018E0000F00801C20F0F0007030207060680178DC
:1018F000491F19292FD2DFE801F0EF2E2E2E51EECD
:101900002E0DEEEE3EED2E2E2E6AED2EEC2EED2E51
:10191000EBEDED00B0F805603046FFF76BFE0546D5
:10192000304609F09AFAC0B16068C07985F83E0087
:1019300021212846FFF771FD304603F0D7FA3046E3
:1019400004F09CFCA87F20F01000A877FFF745FF6B
:10195000002800D0FFDFBDE8FE8F207820F0F000E7
:10196000203020700320207266806068C079607229
:1019700006F0F1FADCE7C5882846FFF73BFE00B920
:10198000FFDF60680079012800D0FFDF6068017A1E
:1019900003B02846BDE8F04F09F005BBC088FFF74B
:1019A00029FE050000D1FFDF06F0D5FA6068008946
:1019B000288160684089688160688089A8810020EA
:1019C000A875FFF70AFF0028C5D0FFDFC3E700793D
:1019D00028B10228BFD03C28BDD0FFDFBBE70026DE
:1019E00006F0B9FA65684FF0FF09B5F806A0287A45
:1019F0002D1D08B998F80190484606F053F80700E5
:101A000000D1FFDF0022022150460BF050FB040002
:101A100000D1FFDF22212046FFF7FFFC287900B923
:101A20000226A07F02AA66F30100A077288B2081FE
:101A3000688B6081A88BA08184F822908DF8086063
:101A4000032150460BF033FB00B9FFDFB888ADF837
:101A50000400B8788DF8060001AA052150460BF065
:101A600026FB00B9FFDFB888ADF80000F8788DF8E4
:101A700002006A46042150460BF019FB00B9FFDF53
:101A8000062105F1120000F003FF30B368798007EA
:101A900000D5FFDF6979E07D61F34700E075D5F897
:101AA0000600A0616889A083062105F10C0000F002
:101AB000EFFEE0B198F80D104A08617862F3470133
:101AC0006170D8F80E10C4F80210B8F8120017E0D0
:101AD00029E041E03AE021E02EE0E07D20F0FE0048
:101AE000801CE075D5F81200A061E88ADBE7607819
:101AF00020F0FE00801C6070E868C4F80200288AAC
:101B0000E080022E01D0FFDF25E798F800001228C0
:101B100000D0FFDF1120FFF70FFC1CE72046BDE8D7
:101B2000FE4F01F0CABD06F016FA98F8181041F001
:101B3000040188F818100EE798F80000132809D05F
:101B40001528E1D15FF01600FFF7F6FBBDE8FE4F68
:101B500006F001BA1420F7E798F80010122903D113
:101B600098F8010000F069FE1120EDE72DE9F0473B
:101B7000064600784FF000080009DFF854A09146AF
:101B80000C46474601287CD002287BD007280BD082
:101B90000A2830D0FFDF00BFA9F8007014B1A4F804
:101BA0000080678000208CE6756804F108004FF023
:101BB000020C2A784FF6FF71172A7CD011DC102A0C
:101BC0003CD009DC052A65D0092A03E070B1010088
:101BD000D80100200DD10FE0142A36D0152A08D1E3
:101BE000C0E0192A1DD01B2A66D01C2A65D01D2AE8
:101BF0007DD04A4621464EE1EE884FF0120810276C
:101C0000F4B33046FFF7F6FC050000D1FFDFA680F5
:101C100029892181298961816989A181A989E18134
:101C2000BAE74FF01C080A2754B3A888A080706850
:101C3000807920727068C0796072ADE74FF01B0840
:101C40001427ECB103202072B9E029793C29A3D0F4
:101C500018274FF010082D1D94B16988A180298B99
:101C60006182298B2182698BA182A98BE1826B79A8
:101C70000246A91D1846FFF798FC2879002802E0C3
:101C800005E0B4E0CEE087D184F80FC084E7A9F87E
:101C9000007087E72C274FF01D08002CF7D0064670
:101CA000A18015F80E0F318860F30001318015F81E
:101CB0000A09400802E086E042E068E060F3410182
:101CC0003180A87AB21C800860F382013180A87A42
:101CD000C00860F3C3013180A87A0011401C60F392
:101CE000041101F07F0030806878A91C00E05AE000
:101CF000FFF75BFC287D06F1090205F11501FFF7EE
:101D000054FC287B00F0D3FD3074687B00F0CFFDDD
:101D10007074E87EB074687AF074287F3075A87BA0
:101D20007075288AF082DAF80400B06130882A7A67
:101D300020F060003080A28405F11D01B0692FE021
:101D40000A274FF02108002CA1D0A888A080706835
:101D5000807920727068C07960729AF8181021F04A
:101D600004015CE00B274FF02208002C8FD0E8889C
:101D7000A0807068007920727068007A00F097FD8A
:101D800060727068407A00F092FDA07204E730271C
:101D90004FF02508002CD7D0A1807168282249680F
:101DA00016F00CFDF8E60E274FF02708002CCBD0DC
:101DB000A1807068D0F80610A1604089A081706889
:101DC0008088A080E8E614274FF01B08002CBBD0C9
:101DD000A18070680079012806D001202072DAE91C
:101DE0000110C4E90310D7E684F808C0D4E6307ABD
:101DF000012801D0FFDFCFE610274FF01F08002C8D
:101E0000A2D07088A08070892081B0896081F0891B
:101E1000A081308AE0819AF8181021F001018AF837
:101E20001810B9E6307AA8B3012834D0022832D08D
:101E3000032801D0FFDFAFE609274FF01108002C7F
:101E400094D075882846FFF7D5FB90F822A0A5808E
:101E5000707A2072042128460BF044F905212846A7
:101E60000BF040F9002128460BF03CF901212846EF
:101E70000BF038F9032128460BF034F902212846EB
:101E80000BF030F9062128460BF02CF9504600F0F3
:101E9000D4FC81E6FFE73046BDE8F04701F01ABD0B
:101EA00000B5032800D0FFDF00BD70B514460D005B
:101EB000064600D1FFDF207820F00F01891C21F0B9
:101EC000F000103020702878012801D0FFDF70BDAD
:101ED0003046FFF78FFB060000D1FFDF0320B0750F
:101EE00006F039F82868A0606868E06028892082D8
:101EF000F848017E41F00101017670BD1CB5203823
:101F00000C46082841D2DFE800F0044022262E408B
:101F10004038002103200DF0F0F908B111201CBD5C
:101F2000D4F802000090E088ADF80400684609F09B
:101F3000B4FF05F016FE040028D100220823114644
:101F400003200DF05FF9032820D0FFDF1EE020689A
:101F500001F0D0FE05E0207800F0010009F0B2FBAE
:101F600010E0044612E02088ADF800006088ADF86B
:101F7000020068460AF003F804E0207800F001004F
:101F80000AF0AAF805F0EDFDEBE7072420461CBD9A
:101F90007FB505460C460846FFF773F910B11020CF
:101FA00004B070BD202D05D0222D13D0272D11D0C7
:101FB0000720F5E72088ADF8000001A9684609F080
:101FC0002EFC05F0CEFD0299C4F802109DF80C100D
:101FD000A171E5E70620E3E7BE480D30704708B57C
:101FE0001C220021BB4816F009FC1120FFF7A4F9C0
:101FF000B84968460E3105F041FFB6489DF800200B
:10200000417B62F3470121F0010141730021817599
:102010004FF4617181820221C175FFF7C6F900B1E9
:10202000FFDF00F053FC01F01AFB08BD10B50C46B1
:1020300040220021204616F0E1FBA07F20F00300A3
:10204000A077202020700020A07584F8230010BD08
:1020500070472DE9FC410746FFF7EDF810B110205D
:10206000BDE8FC819B4E06F10D01D6F80D000090F5
:10207000B6F81150ADF80450F47C8DF8064038469F
:10208000FFF77CFA0028EBD1FFF78FF90028E7D0A3
:10209000009946F80D1FB580B471E1E710B504460C
:1020A000FFF7EFF808B1102010BD8A488949224691
:1020B000407B0E314008FFF778FA002010BDFEB5D6
:1020C0000D4604004FF0000711D00822FFF7F7F982
:1020D000002811D1002608E054F826006946FFF7D1
:1020E0000AFA002808D1761CF6B2AE42F4D309F001
:1020F00039FA10B143F20320FEBD764E3773FCB1BE
:1021000000271AE054F8270002A9FFF7F4F900B1FC
:10211000FFDF9DF808008DF8000054F8270050F804
:10212000011FCDF801108088ADF80500684609F060
:102130003EFA00B1FFDF7F1CFFB2AF42E2D335733E
:102140000020FEBD2DE9F0478CB0154689460400FD
:102150001DD00F4608222946FFF7B1F9002810D1FB
:10216000002612E054F826006946103000F07BFB90
:10217000002806D13FB157F82600FFF75CF810B1F0
:1021800010200CB00FE5761CF6B2AE42EAD3002662
:10219000A5F101081CE000BF06F1010A0AF0FF07E3
:1021A00012E000BF54F82600017C4A0854F82710BA
:1021B0000B7CB2EB530F05D106221130113116F012
:1021C000ECFA58B17F1CFFB2AF42EBD30AF0FF0626
:1021D0004645E1DB4E4624B1012003E043F20520F1
:1021E000CFE700208DF828000AA809F000FA10B9FE
:1021F00009F00BFA10B143F20420C2E764B30027E0
:102200000DF1170826E000BF54F82700694610308A
:1022100000F029FB00B1FFDF54F82700102250F82E
:10222000111FCDF801108088ADF8050054F8271073
:102230000DF1070016F0C2FA96B156F827101022D9
:10224000404616F0BBFA684609F096F900B1FFDF88
:102250007F1CFFB2AF42D7D3FFF7E7F9002090E72A
:10226000404601F03BFDEEE730B587B0044600F094
:10227000B4FC30B906200AF0CFFE10B1062007B03A
:1022800030BD2046FEF7D7FF18B96068FFF720F889
:1022900008B11020F3E760884AF2B81188420BD8E1
:1022A0000C4D2878132801D30820E8E7207828B1BE
:1022B000012806D0022804D00720E0E7FFF775F8D0
:1022C0001AE06078022807D0032805D043F20220E4
:1022D000D5E70000D8010020E875C1B200200190C8
:1022E000ADF8080002292ED0032929D0FFDF01A86C
:1022F00009F00FFA05F035FC0028C0D1606801F044
:10230000E0FC207858B101208DF804000DF10500A3
:1023100001F0E4FC01A809F0C8FE00B1FFDF20785D
:10232000A875FFF782F9608878B1A88280B2ADF80D
:102330000000684609F052F900B1FFDF00209EE777
:102340008DF80900D3E74020FAE74FF46170ECE71D
:1023500010B50446FEF795FF20B9606838B1FEF766
:10236000AEFF08B1102010BD606801F0B7FCF9485D
:10237000818A6180C17D6170807D2070002010BDE8
:102380002DE9F04107460E4603250846FEF7A0FF5B
:10239000F0BB3846FFF72EF9040005D0207822283C
:1023A00005D20820BDE8F08143F20200FAE7A17FE0
:1023B00001F00300022802D0FFDF2846F2E7A07DEB
:1023C000032803D1E348007EC00701D006B30DE027
:1023D0001EB1480720D4002100E00121384608F052
:1023E000C5FD0500E9D1A075002EE6D0314638467E
:1023F00000F043FA05461128DFD1A07F4107DCD465
:10240000316844F80E1F7168616040F0040000E01C
:1024100004E020740025D0E71125CEE71020C1E7A5
:1024200070B50C460546FFF7E5F8010005D02246D9
:102430002846BDE87040FFF7E0B843F2020070BDE7
:1024400010B5401EC0B209F000F9BDE8104005F01B
:1024500088BB70B504460D460846FEF7ECFE18B979
:102460002868FEF70EFF08B1102070BDB94E307815
:10247000112804D0132800D33CB1082070BD294690
:102480002046FFF7EAF870B170BD0024132801D090
:10249000142807D1A8881F2801D2092070BD132055
:1024A000FEF74AFF2046D5E90012C6E9011270BDC9
:1024B0001CB5A8480078132801D208201CBD0020B4
:1024C0008DF80000684609F0A0FA05F04AFB0028E4
:1024D000F4D11120FEF730FF00201CBD2DE9F04F94
:1024E000DFF870B2824695B09BF800009946154619
:1024F0000C46132803D3FFF7DBFF00281FD120462B
:10250000FEF799FE78BB2846FEF795FE58BB20786B
:102510004FF00107C0074FF0000102D08DF848705E
:1025200001E08DF8481020788846C0F3C1008DF88E
:10253000000060788DF80910C10803D0072015B09D
:10254000BDE8F08F80B1C10701D08DF80970810717
:1025500005D59DF8091041F002018DF809104007DA
:1025600004D50620EBE718E08DF8097000206E46D0
:1025700006EB80016268CA60401CA268C0B28A6132
:102580000328F5D32078C0F3C100012821D0032807
:102590001FD05046FEF74FFE08B11020CFE79AF843
:1025A0000000400808D0012809D0022807D00328DD
:1025B00005D043F20220C2E78DF8028001E08DF8D9
:1025C0000270504650F8011FCDF803108088ADF816
:1025D0000700FEF7B3FF8DF801000020424606EB2E
:1025E00040012B888B846B884B85AB880B86EB88EE
:1025F000CB86401C8A87C0B2A1F842200328EED3C4
:10260000A089ADF84A0004F10E0000F020F98DF821
:102610004C009BF800005D46112801D008208EE791
:1026200006200AF001FD68B32078C0F3C10001283C
:1026300001D0032803D1287B00283FF47FAFFEF7A9
:1026400091FE022801D2132079E72078800788D4F0
:102650006E784C460227484605F024FA80B140784F
:1026600080B13946204605F01AFD85F8019068468C
:1026700009F086FA05F075FA070005D06E705EE77E
:1026800005205CE712205AE7687805F00BFA040091
:1026900000D1FFDF607800B9FFDF6078401E607016
:1026A0001220FEF749FE384649E770B5294D2878D3
:1026B000122801D0082070BD09F064FB05F051FA22
:1026C000040005D1687800F0B8F81120FEF734FE58
:1026D000204670BD70B5064615460C460846FEF706
:1026E000D0FD18B92846FEF7CCFD08B1102070BD0A
:1026F0002A462146304609F099FC05F032FA0028B6
:10270000F5D121787F29F2D1052070BD7CB5054631
:102710000C460846FEF78FFD08B110207CBD284608
:10272000FEF768FF20B10078222804D208207CBD83
:1027300043F202007CBD0748007E400701D511200E
:102740007CBD2178C80802D16078C20804D0072077
:102750007CBD0000D8010020890801D1800801D08B
:102760000620F5E7ADF8005020788DF8020060787B
:102770008DF803000220ADF80400684609F084F8E3
:1027800005F0EFF9E4E70122FFF71EB80022FFF79A
:102790001BB870B505460C460846FEF772FD08B139
:1027A000102070BD2146284609F087F8BDE870402A
:1027B00005F0D7B9FEB506460D4614461046FEF79D
:1027C0003AFD08B11020FEBD002000908DF8026097
:1027D00001900290ADF8005020788DF803006068F9
:1027E00001902089ADF808006089ADF80A006846BC
:1027F00009F070F805F0B5F9FEBD0EB58DF80200D0
:102800000020ADF80010ADF808008DF8030001902D
:10281000ADF80A00684609F05DF805F0A2F90EBDB2
:1028200010800888508048889080C88810818888E7
:10283000D080002050819081704710B505F032F9AA
:10284000040000D1FFDF6078401C607010BD0CB543
:102850001CA2D2E90012CDE900120079694601EB11
:10286000501000780CBD0278520804D0012A02D022
:1028700043F202207047FEF73EBE1FB56A46FFF7DF
:10288000CFFF684609F0C1FA05F06BF904B010BD3E
:1028900010B500231A4603E0845C2343521CD2B2D5
:1028A0008A42F9D30BB1002010BD012010BD00B544
:1028B00028B1012804D0022802D0FFDFFEE7FF2064
:1028C00000BD00000706050403020100C648002100
:1028D0000160416070472DE9FF4792B09A461E9F04
:1028E00004461AB1072016B0BDE8F08701258DF81F
:1028F00042504FF4C050ADF84000002210A92846C5
:1029000003F082FF0028EED18DF842504FF428509A
:102910000026ADF840001C2231466846079615F0A7
:102920006DFF9DF81C000DF11C0920F00F00401CEC
:1029300020F0F00010308DF81C0020788DF81D007C
:1029400061789DF81E000DF1400861F3420040F0EF
:1029500001008DF81E009DF8000008AA40F002005A
:102960008DF800002089ADF83000ADF83260608944
:10297000ADF83400CDF82C9060680E900AA9CDF81F
:102980002880684603F035FD0028ACD16068FEF76A
:1029900096FC40B16068FEF79BFC20B9607800F0BF
:1029A0000300022801D0012000E000208E4C08AA7C
:1029B0000AA9A071BDF8200020808DF8425042F68F
:1029C0000120ADF840009DF81E0020F00600801C9C
:1029D00020F001008DF81E000220ADF83000ADF8A7
:1029E000340013A80E90684603F003FD00288AD136
:1029F000BDF820006080BAF1000F05D007F060FE3E
:102A0000F0BB07F05DFED8BB17B1012F42D049E003
:102A10008DF8425042F6A620ADF840001C2200215D
:102A20006846079615F0EAFE9DF81C00ADF8345094
:102A300020F00F00401C20F0F00010308DF81C003A
:102A40009DF81D0008AA20F0FF008DF81D009DF8DC
:102A50001E000AA920F0060040F00100801C8DF83D
:102A60001E009DF800008DF8445040F002008DF8E3
:102A7000000011A8CDE90A89ADF830500E9000E0B1
:102A80000EE0684603F0B5FC0028B0D1BDF8200088
:102A9000A08008E007F014FE10B907F011FE08B19D
:102AA000032020E7A68000201DE701B582B00220A8
:102AB000ADF800004C4802AB6A464088002104F0A3
:102AC0009FF8BDF80010022900D003200EBD1CB5F0
:102AD000002100910221ADF800100190FEF7D1FB1A
:102AE00008B110201CBD40486A4641884FF6FF706F
:102AF00004F0CEFABDF800100229F3D003201CBD6B
:102B0000FEB5394C06461546A0790F46C00705D0DC
:102B10000846FEF790FB18B11020FEBD0F20FEBD49
:102B2000F82D33D83046FEF786FB18BB208801A964
:102B300003F062F90028F2D130788DF80500208882
:102B400001A904F03BF80028E9D100909DF80000AD
:102B50009DF8051040F002008DF80000090703D031
:102B600040F008008DF800002088694603F0C3FF9C
:102B70000028D4D1ADF8085020883B4602AA002195
:102B800004F03EF8BDF80810A942C8D00C20FEBDE4
:102B90007CB505460020009001900888ADF8000043
:102BA0000C4628460195FEF78AFB18B92046FEF729
:102BB00068FB08B110207CBD15B1BDF8000050B114
:102BC00009486A4601884FF6FF7004F061FABDF8C3
:102BD000001021807CBD0C207CBD0348808800282B
:102BE00000D00120704700000E0000204FF0E021CF
:102BF0004FF40040C1F88001BFF34F8FBFF36F8FD8
:102C000000F020B810B5044600F01CF8002C09D0E4
:102C1000114A114811491432114B012C03D0022CD6
:102C200006D0FFDF10BD022404601160200604E01E
:102C30000324046011604FF40000186010BD00B55B
:102C4000FFDF00BD044800210160016004494FF02E
:102C50002070091D0860704700F5004068020020E0
:102C600004F5014014F07AB914F02AB915F0E6BF62
:102C700000F0C4B9314901200860704770B50D20DB
:102C800000F03DF82E4C0020C4F800010125C4F8E6
:102C900004530D2000F044F825604FF0E02160144B
:102CA000C1F8000170BD10B50D2000F028F82448CF
:102CB000012141600021C0F80011BDE810400D2045
:102CC00000F02EB81E49D1F80001012808D11B4898
:102CD000001D00680022C0B2C1F800210CF0A8B9A4
:102CE000704710B5164800BFD0F800110029FBD07E
:102CF000FFF7E8FFBDE810400D2000F011B80028F4
:102D00000DDB00F01F02012191404009800000F11D
:102D1000E020C0F88011BFF34F8FBFF36F8F704773
:102D2000002809DB00F01F020121914040098000CA
:102D300000F1E020C0F880127047000004D5004088
:102D400000D000408F4909680160002070478D491C
:102D500008600020704701218A0720B1012804D0B3
:102D600042F204007047916700E0D167002070478D
:102D700085490120086042F20600704708B5042327
:102D8000814A1907103230B1C1F80433106840F09D
:102D9000010010600BE0106820F001001060C1F825
:102DA00008330020C1F8080178480068009000202E
:102DB00008BD011F0B2909D8734910310A6822F098
:102DC0001E0242EA400008600020704742F20500FF
:102DD0007047000100F18040C0F8041900207047DE
:102DE000000100F18040C0F8081900207047000180
:102DF00000F18040D0F800090860002070470128E9
:102E000001D907207047624A52F8200002680A433D
:102E1000026000207047012801D9072070475C4AF2
:102E200052F8200002688A4302600020704701289F
:102E300001D907207047564A52F820000068086000
:102E400000207047020053494FF0000003D0012AD0
:102E500001D0072070470A60704708B54FF4007230
:102E6000510510B1C1F8042308E0C1F8082300207F
:102E7000C1F8240145481C3000680090002008BDBE
:102E800008B58022D10510B1C1F8042308E0C1F8CB
:102E900008230020C1F81C013C4814300068009051
:102EA000002008BD08B54FF48072910510B1C1F83B
:102EB000042308E0C1F808230020C1F820013348AA
:102EC000183000680090002008BD2E49383109688C
:102ED00001600020704770B54FF080450024C5F8B0
:102EE000084115F052FE28B1C5F82441C5F81C412F
:102EF000C5F820414FF0E0210120C1F8000170BD6C
:102F00002DE9F0414FF080440027D4F808013E46F7
:102F10003D4600B10120804615F037FE88B1D4F857
:102F2000240108B1012700E00027D4F81C0108B1F2
:102F3000012600E00026D4F8200108B1012500E0B8
:102F400000255FEA08004FF0000804D0C4F80881AB
:102F500001200BF0C5FF27B1C4F8248109200BF034
:102F6000BFFF26B1C4F81C810A200BF0B9FF25B1C0
:102F7000C4F820810B200BF0B3FFBDE8F04113F043
:102F800075BF00000004004000050040080100403B
:102F9000CCB10100780500400348044A0168914221
:102FA00001D100210160704738000020BEBAFECA7E
:102FB0000E4A12680C498A420AD118470B4A126815
:102FC000094B9A4204D101B50CF0AAF9BDE80140C1
:102FD000074909680958084706480749054A064B42
:102FE0007047000000000000BEBAFECA3800002092
:102FF00004000020301000203010002016F022BD08
:103000002CFFFFFFDBE5B15100C001001201FFFF03
:103010007A000000E9157A000E822A968AEA66761E
:103020005E07D4B55289C4BABED81B9610B5044603
:10303000FEF701F908B1102010BD2078C0F302108E
:10304000042807D86078072804D3A178102901D86C
:10305000814201D2072010BDE078410706D42179D2
:103060004A0703D4000701D4080701D5062010BD84
:10307000002010BD10B513785C08837F64F3C7137C
:10308000837713789C08C37F64F30003C3771078B9
:10309000C309487863F34100487013781C090B7822
:1030A00064F347130B701378DB0863F30000487078
:1030B0005078487110BD10B5C4780B7864F30003E4
:1030C0000B70C478640864F341030B70C478A408DF
:1030D00064F382030B70C478E40864F3C3030B70D9
:1030E0000379117863F30001117003795B0863F3CE
:1030F0004101117003799B0863F38201117000791B
:10310000C00860F3C301117010BD70B514460D46C0
:10311000064604F01DFF80B10178182221F00F014E
:10312000891C21F0F001A03100F8081B214615F0A0
:1031300045FBBDE8704004F00EBF29463046BDE8AF
:1031400070401322FEF759BA2DE9F047064608A849
:10315000904690E8300489461F46142200212846F4
:1031600015F04CFB0021CAF80010B8F1000F03D095
:10317000B9F1000F03D114E03878C00711D02068EE
:10318000FEF77FF8C0BBB8F1000F07D120681230FE
:1031900028602068143068602068A8602168CAF838
:1031A00000103878800724D56068FEF788F818BBCF
:1031B000B9F1000F21D0FEF70FFF0168C6F86811C2
:1031C0008188A6F86C11807986F86E0101F019FAF1
:1031D000FE4FEF60626862B196F8680106F269110D
:1031E00040081032FEF7E1F910223946606815F008
:1031F000E5FA0020BDE8F08706E0606820B1E860ED
:103200006068C6F86401F4E71020F3E730B50546BE
:1032100008780C4620F00F00401C20F0F00110311F
:1032200021700020607095F8230030B104280FD081
:10323000052811D0062814D0FFDF20780121B1EB3A
:10324000101F04D295F8200000F01F00607030BD00
:1032500021F0F000203002E021F0F000303020704A
:10326000EBE721F0F0004030F9E7F0B591B002272C
:1032700015460C4606463A46ADF80870082103ABE1
:1032800007F0FEFC0490002810D004208DF8040004
:103290008DF80170E034099605948DF818500AA94C
:1032A00068460BF008FC00B1FFDF012011B0F0BD53
:1032B00010B588B00C460A99ADF80000CBB118687B
:1032C000CDF80200D3F80400CDF80600ADF80A20CE
:1032D000102203A815F072FA684608F00CFE04F0FC
:1032E00040FC002803D1A17F41F01001A17708B074
:1032F00010BD0020CDF80200E6E72DE9F84F0746A3
:10330000808A0D4680B28246FEF774F9044638780A
:10331000DFF8B88200264FF00209A8F120080F2834
:103320007ED2DFE800F07DCBC5082D5C6BA4E2F017
:10333000EFBF49BFBF003146504609F0C1FE05004E
:1033400000D1FFDF98F85C10C90702D0D8F8600000
:103350000BE0032105F11D000BF048FED5F81D0020
:103360009B49B0FBF1F201FB1200C5F81D00786823
:103370006867B868A8672078252800D0FFDF97E045
:103380003146504609F09CFE060000D1FFDF307840
:10339000810702D52178252904D040F00100307042
:1033A000BDE8F88F85F80090307F287106F11D0088
:1033B0002D36C5E90206F3E73146504609F080FE96
:1033C000040000D1FFDF2078C10604D50720287053
:1033D0003D346C60E4E740F008002070E0E7E07FF7
:1033E000000700D5FFDF387CBA8800F0010301B088
:1033F0005046BDE8F04F082107F035BD04B9FFDFA6
:10340000796821B1102204F1240015F0D7F92821A0
:103410002046FEF702F8002304F124001A4600E0DB
:103420001BE1009021465046FFF742FF112807D0CC
:1034300029212046FDF7F1FF387A84F82000AFE714
:10344000A07F000700D5FFDF14F81E0F40F0080032
:103450002070E682A661E661C109607861F34100EF
:10346000014660F382016170387AE07098E7314676
:10347000504609F025FE040000D1FFDF022104F1CF
:1034800085000BF0B3FD0420287004F5B47068606B
:10349000B4F8850028824D4810387C346C61C5E949
:1034A00002807DE73146504609F00AFE00B9FFDF91
:1034B0003A4621465046BDE8F84F26E604B9FFDFFC
:1034C0002078212886D93879012803D1E07F40F07F
:1034D0000800E0773A4621465046FFF716FE2046A0
:1034E000BDE8F84F2321FDF798BF3A79AA8005F18E
:1034F00008030821504607F0C3FBE86020B105200F
:1035000028704DE7A6E011E03146504609F0D8FD9D
:10351000040000D1FFDF04F1620102231022081F22
:1035200009F06AFC06703979417039E73146504636
:1035300009F0C6FD050000D1FFDF95F8840000F01A
:10354000030001285BD1E07F10F001021CD195F847
:10355000A000C00714D0D5F8601189B195F8833068
:10356000087C63F387000874A17FCB09D5F860114C
:1035700063F341000874D5F8601162F30000087429
:1035800095F88800C0072CD0D5F85C0148B395F8B1
:103590008330017C63F387010174A07FC309D5F8F0
:1035A0005C0163F341010174D5F85C0162F3000131
:1035B0000174B2B1D5F85C01102204F12401883500
:1035C00015F0FCF8287840F0010003E01402002018
:1035D00040420F0005F8180B287820F0010005F88C
:1035E000A00995F8A000800709D595F87C00D5F8CA
:1035F0006421400805F17D011032FDF7D6FF8DF8FA
:10360000009095F884006A4600F003008DF80100F0
:1036100095F888108DF8021095F8A0008DF8030039
:103620002146504600F0D6FF2078252805D02128D5
:1036300007D0FFDF2078222803D922212046FDF77A
:10364000ECFE3146504609F04DFD00283FF4B3AE84
:10365000FFDFA5E678684670A2E6FFDFA0E670B55A
:10366000FE4C002584F85C5025660BF0F0F904F15F
:103670001001204604F028FC84F8305070BD70B56D
:103680000D46FDF7B7FF040000D1FFDF4FF4B8721D
:103690000021284615F0B2F82434022105F1E0009B
:1036A0002C610BF0D5F9002800D0FFDF70BD0A4671
:1036B000014602F1E0000BF0ECB970B50546406838
:1036C000012186B002780D2A05D00E2A02D0FFDF34
:1036D00006B070BD01726868C6883046FDF78AFF83
:1036E000040000D1FFDFA07F20F01000A077207839
:1036F000212806D06868017A09B1007938B104F050
:103700002AFCFEF76AF80028E2D0FFDFE0E704F0C9
:1037100022FCA07F000623D5E07FC00705D094F8E7
:10372000200000F01F00102818D0052084F8230086
:1037300020780025292815D02428E2D131460220FE
:103740000BF0BCFD22212046FDF767FE29463046DE
:1037500009F0C8FC0028D4D0FFDFD2E70620E5E757
:103760000420E3E72946304609F0AAFC050000D111
:10377000FFDF25212046FDF750FE03208DF80000D5
:10378000694605F1E0000BF07BF90228B9D000286A
:10379000B7D0FFDFB5E72DE9F04F87B09B469046E5
:1037A0008A468146FDF726FF040034D0207822287F
:1037B00031D323282FD0E07F00072CD40027012607
:1037C0003946484609F07CFC0546694600F029FF69
:1037D000009800B9FFDF00983DB1E0350561207821
:1037E000222804D0242802D005E0076103E0252127
:1037F0002046FDF712FE009801A94670C0F82490FB
:10380000A0F80480C0E902AB0BF055F9022802D001
:10381000002800D0FFDF07B0BDE8F08F70B586B09C
:103820000546FDF7E7FE0078222814D90021284636
:1038300009F046FC04002CD1FFDF2AE0B4F85E005A
:1038400004F1620630440178427829B121462846C5
:10385000FFF70BFDB0B93BE7ADF80420082128467F
:1038600002AB07F00DFA03900028F4D005208DF884
:103870000000694604F1E0000BF002F9022801D0D3
:1038800000B1FFDF02231022314604F15E0009F08F
:10389000E9FAB4F860000028D0D119E710B586B075
:1038A0000446FDF7A7FE0078222811D90021204602
:1038B00009F006FC040000D1FFDF06208DF80000AF
:1038C000694604F1E0000BF0DBF8002800D0FFDFD0
:1038D00006B010BD2DE9F84F05460C4600270078CC
:1038E000904601093E4604F1080B4FF00109BA4623
:1038F00002297DD0072902D00A2907D117E068687C
:1039000001780D2903D00E2901D0FFDF4BE11A27E2
:103910000A26002C6DD0C088A080FDF76BFE050044
:1039200000D1FFDF59462846FFF770FC3BE10CB1A0
:10393000A88BA080287A0B287ED006DC01287CD0BA
:10394000022808D0032804D132E00D2876D00E28B2
:1039500075D0FFDF27E11E270926002CDAD0A088CA
:10396000FDF748FE5FEA000900D1FFDF287B00F089
:1039700003000128207A18D020F001002072297B52
:10398000890861F341002072297BC90861F3820034
:103990002072297B090961F3C300207299F81E0087
:1039A00040F0400189F81E10FDE040F00100E5E71D
:1039B00013270D26002CADD0A088FDF71BFE8146F5
:1039C0005146A08809F07CFB050000D1FFDFA86FFD
:1039D000817801F003010129217A56D021F00101FB
:1039E00021728278920862F341012172827801E0AB
:1039F000CFE08AE0D20862F3820121728278120954
:103A000062F3C3012172027862F3061121724278D7
:103A100062F3C711217284F809A0C178A1724279BA
:103A2000E17A62F30001E1724279520862F34101E6
:103A3000E1724279920803E02AE06DE050E065E02F
:103A400062F38201E1724279D20862F3C301E1724A
:103A50000279217B62F30001217301E0F40100206F
:103A60000279520862F3410121730279920862F3EC
:103A7000820121730079C00860F3C301217399F8B2
:103A8000000023282BD92621C6E041F00101A7E739
:103A900018271026CCB3A088FDF7ACFD0090CB46CC
:103AA0005146A08809F00CFB5FEA000900D1FFDF56
:103AB000E868A06099F8000040F0040189F800105F
:103AC00099F80100800708D584F80CB000980078B8
:103AD000232868D9272100989FE084F80CA062E091
:103AE00015270F268CB1A088FDF784FD824606229B
:103AF0005946E86807F051F884F80E909AF80000EB
:103B0000232850D92721504687E03EE01627092672
:103B1000DCB3287B207246E0287B19270E26A4B34D
:103B2000C4F808A0A4F80CA0012807D0022808D0E7
:103B300003280CD004280AD0FFDF15E084F8089091
:103B400001E002202072607A20F003000BE0697B24
:103B5000042801F00F0141F080012172F3D1607A55
:103B600020F00300401C6072A088FDF743FD05466D
:103B70000078212817D0232800D0FFDF5146A088E5
:103B800009F0B0FA2221284647E0FFE7A8F80060D4
:103B90000EE00CB16888A080287A10B3012809D003
:103BA00002283DD0FFDFA8F800600CB127806680B6
:103BB00000200FE415270F26002CE7D0A088FDF782
:103BC00019FD5146A08809F07BFA050000D1FFDFFE
:103BD000D5F81D000622594606F0DFFF84F80EA036
:103BE000E1E717270926002CD0D0A088FDF702FDB9
:103BF00081465146A08809F063FA050000D1FFDF35
:103C00006878800701D5022000E00120207299F831
:103C100000002328C7D927214846FDF7FEFBC2E74D
:103C200019270E26002CB1D0A088FDF7E3FC5FEA2F
:103C3000000900D1FFDFC4F808A0A4F80CA084F8A4
:103C400008A0A07A40F00300A07299F81E10C909DC
:103C500061F38200A07299F81F2099F81E1012EAF1
:103C6000D11F05D099F8201001F01F01102925D08F
:103C700020F00800A07299F81F10607A61F3C30069
:103C80006072697A01F0030101298CD140F00400CF
:103C90006072E97A607B61F300006073AA7A217B2D
:103CA00062F300012173EA7A520862F34100607303
:103CB000A87A400860F34101217374E740F00800DE
:103CC000D8E710B5FE4C30B10146102204F12000B7
:103CD00014F074FD012084F8300010BD10B50446C6
:103CE00000F08FFCF64920461022BDE8104020313C
:103CF00014F064BD70B5F24D06004FF0000413D00F
:103D0000FDF799FA08B110240CE00621304606F0C0
:103D10002BFF411C05D028665FF0010085F85C0090
:103D200000E00724204670BD0020F7E7007810F07F
:103D30000F0204D0012A05D0022A0CD110E000099C
:103D400009D10AE00009012807D0022805D003287C
:103D500003D0042801D00720704708700020704766
:103D60000620704705282AD2DFE800F003070F1766
:103D70001F00087820F0FF001EE0087820F00F00F8
:103D8000401C20F0F000103016E0087820F00F0002
:103D9000401C20F0F00020300EE0087820F00F00EA
:103DA000401C20F0F000303006E0087820F00F00D2
:103DB000401C20F0F00040300870002070470720C1
:103DC00070472DE9F043814687B00E464FF000085A
:103DD0000846FDF77DFA88B94846FDF70BFC05005B
:103DE00003D02878222811D104E043F2020007B062
:103DF000BDE8F08326B9A87F400601D41020F6E77D
:103E0000A87FC10601D4000702D50EB10820EEE755
:103E1000E87F000701D50D20E9E76EB13046FFF7D6
:103E200005F95FEA0008E2D1FEF7D7FE20B9F07885
:103E3000800701D50620DAE700273946484609F011
:103E40003FF9040006D139460022484609F02FF90F
:103E500004000CD026B1014632462846FFF70AF985
:103E60006946204600F0DDFB009818B901E0042007
:103E7000BDE7FFDF0099022004F1E0024870C1F8BD
:103E800024904A610F8136B30871201D8861207823
:103E9000400908776078C0F340004877307800F038
:103EA0000102887F62F301008877AA7FD20962F35A
:103EB00082008877EA7F62F3C3008877627862F3D2
:103EC00004108877B078C87701F12102304620319C
:103ED000FFF7F1F803E0032008710520087625219B
:103EE0002846FDF79AFAA87F01A920F04000A8779C
:103EF00000980AF0E0FD022801D000B1FFDF404643
:103F000075E72DE9FF4F14466E4A88468FB09946F3
:103F100007CA0AAB002683E807000F98FDF76AFB83
:103F2000050005D02878262805D0082013B073E4B2
:103F300043F20200FAE701277CBB4FF0000B594621
:103F40000F9809F0BDF8040000D1FFDF4046B8F13A
:103F5000850F27D008DC88B181281CD082281DD08D
:103F6000B8F1830F09D11BE086281DD088281DD009
:103F700089281DD0B8F18A0F1CD00F2020710F287E
:103F80001AD003F0E5FFC8B1201D8DF81070059020
:103F90002079A8B1E4E00120F0E70DE00220EDE790
:103FA0000320EBE70520E9E70620E7E70820E5E73F
:103FB0000920E3E70A20E1E70720B7E71120B5E78A
:103FC000D4E91D8798F80200B978C0F3C000C1F3A6
:103FD000C00108405FEA000A30D04846FDF72BF9DF
:103FE00088BBD9F80C00FDF726F960BBD9F81C0096
:103FF000FDF721F938BBD9F80C00A060D9F81C00F6
:10400000E06060787A7842EA500100BF61F34100D5
:104010006070B978C0B200EA111161F300006070FD
:1040200084F81CB005F11700A061681C606198F865
:10403000020000F00300012806D03EE060787A78A4
:1040400002EA5001E2E716E0B87800F00300012828
:1040500033D198F80410387901408DF8341098F86D
:1040600005007A7910408DF83800014325D0484684
:10407000FDF7E1F808B1102058E704F5AE7204F13D
:104080008C03CDF80090CDE9013201210DAB5246F1
:104090002046FFF759F800288FD109F1100004F5E8
:1040A000B07304F1A4028DE80D0059460EAB5246E0
:1040B0002046FFF749F80028DED16078800703E04A
:1040C000F40100207CB101002AD498F80200B978EC
:1040D000C0F38000C1F38001084321D039780AAAD7
:1040E00098F8000032F811204300DA4012F003067D
:1040F00005D0012E0BD0022E0BD0032E07D0BAF123
:10410000000F0DD0012806D0042804D008E00226B4
:10411000F5E70126F3E7012901D0042900D104269F
:10412000A87F40F08000A877E97F6AF30001E97773
:104130006078800707D50320A071BAF1000F0FD176
:104140008DF80CB02BE00220022E18D0012E18D0D2
:10415000042E2AD084F806B0A87F20F08000A8772B
:1041600025212846FDF759F904A904F1E0000AF0D9
:1041700087FC10B1022800D0FFDF0020D6E6A07136
:10418000DEE7A0710D22002104F1200014F036FBBF
:10419000207840F00200207001208DF80C0003AA66
:1041A00029460F9800F016FADAE70120A071D7E748
:1041B0002DE9F04387B09046894604460025FDF777
:1041C00019FA070004D03878272804D008200EE612
:1041D00043F202000BE60021204608F071FF0400C4
:1041E00000D1FFDFA6795FEA090005D0012821D0C0
:1041F000B9F1020F26D110E0B8F1000F22D1012E43
:1042000005D0022E05D0032E05D0FFDF2EE00C25B1
:104210002CE001252AE0022528E04046FDF70BF8B6
:10422000B0B9032E0ED11022414604F11D0014F046
:10423000C5FA1BE0012E02D0022E03D104E0B8F132
:10424000000F13D00720D2E54046FCF7F4FF08B179
:104250001020CCE51022002104F11D0014F0CEFA4C
:104260000621404606F080FCC4F81D002078252178
:1042700040F0020020703846FDF7CFF82078C107E3
:1042800013D020F00100207002208DF8000004F10E
:104290001D0002908DF804506946C3300AF0F0FB0F
:1042A000022803D010B1FFDF00E0257700209EE553
:1042B00030B587B00D460446FDF79CF960B100218A
:1042C000204608F0FDFE04000CD02846FCF7B3FFA2
:1042D00028B1102007B030BD43F20200FAE7207881
:1042E000400701D40820F5E7294604F13D002022CB
:1042F000054614F063FA207840F0100020700107A2
:104300000FD520F00800207007208DF800006946C6
:1043100004F1E00001950AF0B3FB022801D000B1DE
:10432000FFDF0020D6E72DE9F0410D460746FDF7F7
:1043300061F918B10078272819D103E043F202008F
:10434000BDE8F08101260021384608F0B9FE0400DE
:1043500000D1FFDFA079022809D16078C00706D01C
:104360002A4621463846FEF780FF10B10EE00820AD
:10437000E6E7B4F860000E280AD204F162010223D5
:104380001022081F08F038FD067045700020D7E79E
:104390001120D5E770B5064614460D460846FCF7D1
:1043A0004AFF18B92046FCF76CFF08B1102070BD19
:1043B000A6F57F40FF380ED03046FDF71BF938B127
:1043C000417822464B08811C1846FDF7EEF807E0BD
:1043D00043F2020070BD2046FDF760FE0028F9D1CF
:1043E0001021E01D0AF002FEE21D294604F117002B
:1043F00000F027F9002070BD2DE9F04104468AB095
:1044000015460E4600270846FCF762FF18B92846F5
:10441000FCF75EFF10B110200AB091E72046FDF7CF
:10442000E9F85FEA000804D098F80000272810D1C6
:1044300002E043F20200EFE70021204608F040FED0
:10444000040000D1FFDF2078400702D560788007A4
:1044500001D40820E0E7D4E91D10497801B18DB1FD
:10446000407800B176B1ADB1EA1D06A8E16800F070
:10447000E8F8102206A905F1170014F08EF918B11A
:10448000042707E00720C7E71022E91D04F12D00EB
:1044900014F094F92EB11022F11D04F11D0014F056
:1044A0008DF92078252140F0020020704046FCF76D
:1044B000B4FF2078C10715D020F001002070022041
:1044C0008DF8000004F11D000290103003908DF86B
:1044D00004706946B3300AF0D3FA022803D010B151
:1044E000FFDF00E02777002096E7F8B515460E4677
:1044F0000746FDF77FF8040004D02078222804D076
:104500000820F8BD43F20200F8BD3046FCF793FEE8
:1045100018B92846FCF78FFE08B11020F8BD0095A9
:104520003288B31C21463846FEF7C2FE112815D04A
:104530000028F3D1297C4A08A17F62F3C711A17733
:104540002A7CE17F62F30001E177297C890884F805
:104550002010A17F21F04001A177F8BDA17F0907BC
:10456000FBD4D6F80200C4F83600D6F80600C4F82A
:104570003A003088A0861022294604F1240014F065
:104580001DF9287C4108E07F61F34100E077297C38
:1045900061F38200E077287C800884F82100A07F06
:1045A00040F00800A0770020D3E770B50D46FDF776
:1045B00021F8040005D02846FCF763FE20B1102046
:1045C00070BD43F2020070BD29462046FEF71EFE74
:1045D000002070BD70B51546064603F0B9FC040016
:1045E00000D1FFDF207820F00F00801C20F0F000C9
:1045F0002030207066802868A060BDE8704003F01D
:10460000AABC10B5134C94F83000002808D104F16E
:104610002001A1F110000AF075FA012084F83000A1
:1046200010BD10B190F8B9202AB10A4890F83500B1
:1046300018B1002003E0B83001E0064834300860CB
:10464000704708B50023009313460A4608F037FF69
:1046500008BD0000F4010020F0B5007B059F1E4658
:1046600014460D46012800D0FFDF0C2030803A2090
:104670003880002C08D0287A032806D0287B01280F
:1046800000D0FFDF17206081F0BDA889FBE72DE98E
:10469000F0470D4686B095F80C900E991446B9F186
:1046A000010F0BD01022007B2E8A9046052807D0E0
:1046B000062839D0FFDF06B0BDE8F0870222F2E716
:1046C000E8890C2200EB400002EB40001880332008
:1046D0000880002CEFD0E8896081002720E0009658
:1046E000688808F1020301AA696900F0A1FF06EBDE
:1046F0000800801C07EB470186B204EB4102BDF8BD
:1047000004009081F848007808B1012300E00023FC
:104710000DF1060140460E320AF05DFA7F1CBFB271
:104720006089B842DBD8C6E734200880E889B9F14F
:10473000010F11D0122148430E301880002CBAD03E
:10474000E88960814846B9F1010F00D0022020734A
:1047500000270DF1040A1FE00621ECE700966888A7
:1047600008F1020301AA696900F062FF06EB080084
:10477000801C86B2B9F1010F12D007EBC70004EB21
:104780004000BDF80410C18110220AF1020110306E
:1047900014F014F87F1CBFB26089B842DED88AE7F3
:1047A00007EB470104EB4102BDF80400D0810AF198
:1047B0000201404610320AF030FAEBE72DE9F047EB
:1047C0000E4688B090F80CC096F80C80378AF589B0
:1047D0000C20DFF81493109902F10C04BCF1030FC4
:1047E00008D0BCF1040F3DD0BCF1070F75D0FFDF3E
:1047F00008B061E705EB850C00EB4C001880312018
:104800000880002AF4D0A8F1060000F0FF0A5581C4
:1048100024E01622002101A813F0F0FF0097708811
:10482000434601AA716900F003FFBDF8040020802F
:10483000BDF80600E080BDF80800208199F800006E
:1048400008B1012300E00023A21C0DF10A0150462B
:104850000AF0C1F907EB080087B20A346D1EADB249
:10486000D7D2C5E705EB850C00EB4C001880322051
:104870000880002ABCD0A8F1050000F0FF0A55818D
:1048800037E000977088434601AA716900F0D0FEB6
:104890009DF80600BDF80410E1802179420860F31C
:1048A000000162F34101820862F38201C20862F3EF
:1048B000C301020962F30411420962F3451182093E
:1048C00062F386112171C0096071BDF80700208173
:1048D00099F8000010B1012301E00EE00023224608
:1048E0000DF1090150460AF076F907EB080087B28E
:1048F0000A346D1EADB2C4D27AE7A8F1020084B2C8
:1049000005FB08FC0CF10E00188035200880002AF9
:10491000A7D05581948100971FFA8CF370880E32CE
:10492000716900F085FE63E72DE9F84F1E460A9D88
:104930000C4681462AB1607A00F58070D080E0890B
:10494000108199F80C000C274FF000084FF00E0A68
:104950000D2872D2DFE800F09D070E1B272F374588
:10496000546972727200214648460095FFF774FE42
:10497000BDE8F88F207B9146082802D0032800D09C
:10498000FFDF3780302009E0A9F80A80F0E7207BBC
:104990009146042800D0FFDF378031202880B9F10C
:1049A000000FF1D1E4E7207B9146042800D0FFDF1F
:1049B00037803220F2E7207B9146022800D0FFDFCB
:1049C00037803320EAE7207B1746022800D0FFDF3C
:1049D0003420A6F800A02880002FC9D0A7F80A80AC
:1049E000C6E7207B1746042800D0FFDF3520A6F855
:1049F00000A02880002FBBD04046A7F80A8012E014
:104A0000207B1746052802D0062800D0FFDF1020A3
:104A1000308036202880002FAAD0E0897881A7F83E
:104A20000E80B9F80E00B881A2E7207B91460728D6
:104A300000D0FFDF37803720B0E72AE04FF01200C8
:104A400018804FF038001700288091D0E0897881D5
:104A5000A7F80E80A7F8108099F80C000A2805D056
:104A60000B2809D00C280DD0FFDF81E7207B0A2816
:104A700000D0FFDF01200AE0207B0B2800D0FFDF01
:104A8000042004E0207B0C2800D0FFDF05203873D1
:104A90006EE7FFDF6CE770B50C460546FCF7AAFD34
:104AA00020B10078222804D2082070BD43F2020011
:104AB00070BD0521284608F003FB206008B10020E6
:104AC00070BD032070BD30B44880087820F00F001E
:104AD000C01C20F0F000903001F8080B1DCA81E8DE
:104AE0001D0030BC03F037BA180000202DE9FF4745
:104AF00084B00027824602970798904689463C4634
:104B0000092528B907A95046FFF7C5FF00285CD141
:104B10000798123003F023FF401D20F00306B9F17F
:104B2000000F05D00798017B79BB0525046806E0D6
:104B300098F80000092812D00D2822D0FFDF07982E
:104B40000121123003F03DFFADF80C00024602AB2C
:104B50002946504606F094F8070017D01EE0079942
:104B6000032548680028EAD0497B42887143914276
:104B7000E5D98AB2B3B2011D08F02AF904460780CC
:104B8000DDE7079C04250834D9E721E00CB1208833
:104B900010B1032D18D01BE0A01C029007983A46D4
:104BA0001230C8F80400A8F802A003A94046029BEE
:104BB00003F014FFC8B10A2815D2DFE800F0070996
:104BC0001414100B0D141412132011E600200FE61C
:104BD00011200DE608200BE643F2030008E607204B
:104BE00006E60D2004E6032002E6BDF80C0023468D
:104BF000CDE900702A465046079900F029FD5FB9BB
:104C0000032D09D10798B3B2417B446871438AB23E
:104C1000211D204608F0F0F8B9F1000FD6D0079911
:104C200081F80C90D2E72DE9FE4F91461A881C4678
:104C30008A468046FAB102AB494606F021F80500E3
:104C400019D04046A61C278808F07FFB0721009159
:104C50003B463246294607F0A1FF20882346CDE98E
:104C600000504A465146404600F0F2FC00202080A9
:104C70000120BDE8FE8F0020FBE710B586B01C4682
:104C8000AAB104238DF800301388ADF8083052889B
:104C9000ADF80A208A788DF80E200988ADF80C103E
:104CA00000236A462146FFF721FF06B010BD102001
:104CB000FBE770B50D46052108F002FA040000D1AB
:104CC000FFDF294604F11200BDE8704003F062BE28
:104CD0002DE9F8430D468046002603F039F90446D5
:104CE0002878102878D2DFE800F0773B3453313150
:104CF000123131310831313131312879001FC0B2E0
:104D0000022801D0102810D114BBFFDF35E004B910
:104D1000FFDF0521404608F0D3F9007B032806D0C9
:104D200004280BD0072828D0FFDF072655E0287974
:104D3000801FC0B2022820D050B1F6E72879401F6A
:104D4000C0B2022819D0102817D0EEE704B9FFDF4F
:104D500013E004B9FFDF287901280ED1172137E0CD
:104D60000521404608F0ACF9070000D1FFDF07F14C
:104D70001201404603F0EBFD2CB12A462146404685
:104D8000FFF7A1FE29E013214046FDF749FB24E08F
:104D900004B9FFDF0521404608F092F9060000D172
:104DA000FFDF694606F1120003F0DBFD060000D0CC
:104DB000FFDFA988172901D2172200E00A46BDF8B3
:104DC0000000824202D9014602E005E01729C5D35E
:104DD000404600F04DFCD0E7FFDF3046BDE8F883E9
:104DE000401D20F0030219B102FB01F0001D00E09C
:104DF00000201044704713B5009858B1002468464D
:104E000007F090FF002C04D1F749009A4A60002275
:104E10000A701CBD01240020F2E72DE9F0470C4682
:104E2000154624220021204613F0E8FC05B9FFDFD7
:104E3000A87860732888DFF8B0A3401D20F0030134
:104E4000AF788946DAF8040007F08AFF060000D13F
:104E5000FFDF4FF000082660A6F8008077B109FB5D
:104E600007F1091D0AD0DAF8040007F079FF0600FF
:104E700000D1FFDF6660C6F8008001E0C4F804805E
:104E8000298804F11200BDE8F04703F051BD2DE977
:104E9000F047804601F112000D46814603F05FFDA8
:104EA000401DD14F20F003026E7B144629687868BC
:104EB00007F081FF3EB104FB06F2121D03D06968C2
:104EC000786807F078FF052008F0A6F8044605206A
:104ED00008F0AAF8201A012802D1786807F035FFF7
:104EE00049464046BDE8F04703F038BD70B5054679
:104EF000052108F0E5F8040000D1FFDF04F11201FC
:104F00002846BDE8704003F022BD2DE9F04F91B076
:104F10004FF0000BADF828B0ADF804B047880C4650
:104F2000054692460521384608F0CAF8060000D129
:104F3000FFDF24B1A780A4F806B0A4F808B0297850
:104F400009220B20B2EB111F73D12A7A04F1100150
:104F500038274FF00C084FF012090291102A69D23D
:104F6000DFE802F068F2F1F08008D3898EA03DDC22
:104F7000F3EEB7B7307B022800D0FFDFA88908EB3B
:104F8000C001ADF804103021ADF82810002C25D058
:104F90006081B5F80E8000271DE004EBC709317C65
:104FA00089F80E10F189A9F80C10CDF800806888F6
:104FB000042305AA296900F03BFBBDF81410A9F8E9
:104FC000101008F10400BDF816107F1C1FFA80F8BD
:104FD000A9F81210BFB26089B842DED80CE1307B6C
:104FE000022800D0FFDFE98908EBC100ADF804001A
:104FF0003020ADF8280095F80C90002CA9F10400A1
:10500000C0B20F90EAD06181B5F81080002725E08A
:10501000CDF8008068884B4603AA696900F008FB58
:1050200008EB09001FFA80F86F48007818B10123D7
:1050300002E0DDE0DAE0002304EBC702009204A9FD
:105040000C320F9809F0C7FD009ABDF80C007F1CC8
:105050001082009ABDF80E00BFB250826089B8423B
:10506000D6D8C9E00AA8009001AB224629463046AE
:10507000FFF70DFBC0E0307B082805D0FFDF03E021
:10508000307B082800D0FFDFE8891030ADF804003D
:105090003620ADF82800002C3FD0A9896181F18924
:1050A000A18127E0307B092800D0FFDFA8890146D5
:1050B0000C30ADF804003720ADF82800002C2CD0BF
:1050C0006181E8890090AB89688804F10C02296944
:1050D00055E0E8893921103080B2ADF80400ADF810
:1050E0002810002C72D0A9896181287A0E280AD054
:1050F00002212173E989E181288A0090EB8968887F
:105100006969029A3BE00121F3E70AA8009001AB2C
:10511000224629463046FFF751FB6DE0307B0A28D6
:1051200000D0FFDFADF80490ADF828704CB3A9892A
:105130006181A4F810B0A4F80EB0012020735BE0E8
:1051400020E002E030E038E041E0307B0B2800D086
:10515000FFDF288AADF828701230ADF8040084B162
:1051600004212173A9896181E989E181298A218248
:10517000688A00902B8A688804F11202696900F03D
:1051800057FA39E0307B0C2800D0FFDFADF80490EF
:10519000ADF828703CB305212173A4F80AB0A4F837
:1051A0000EB0A4F810B027E00AA8009001AB224688
:1051B00029463046FFF750FA1EE00AA8009001ABDE
:1051C000224629463046FFF7AFFB15E034E03B218D
:1051D000ADF80400ADF8281074B30120E080A4F805
:1051E00008B084F80AB007E018000020FFDF03E0F1
:1051F000297A012917D0FFDFBDF80400AAF80000C2
:105200006CB1BDF828002080BDF804006080BDF8B6
:105210002800392803D03C2801D086F80CB011B002
:105220000020BDE8F08F3C21ADF80400ADF8281057
:1052300014B1697AA172DFE7AAF80000EFE72DE95F
:10524000F84356880F46804615460521304607F03C
:1052500037FF040000D1FFDF123400943B46414683
:1052600030466A6803F0EFFCB8E570B50D460521DD
:1052700007F026FF040000D1FFDF294604F11200E9
:10528000BDE8704003F078BB70B50D46052107F00E
:1052900017FF040000D1FFDF294604F11200BDE82A
:1052A000704003F096BB70B50546052107F008FF76
:1052B000040000D1FFDF04F1080321462846BDE8C1
:1052C00070400422AFE470B50546052107F0F8FEF2
:1052D000040000D1FFDF214628462368BDE8704066
:1052E0000522A0E470B50646052107F0E9FE04009A
:1052F00000D1FFDF04F1120003F031FB401D20F06C
:10530000030511E0011D00880322431821463046A1
:10531000FFF789FC00280DD0607BABB2684382B2F6
:105320006068011D07F09EFD6068002802D041887A
:105330000029E7D170BD70B50E46054602F008FEA3
:10534000040000D1FFDF01202072667265802078A2
:1053500020F00F00C01C20F0F00030302070BDE8BD
:10536000704002F0F8BD602801D00720704708782F
:10537000C74900F001000870002070472DE9F04394
:105380008BB00D461446814606A9FFF784FB002822
:1053900014D14FF6FF7601274FF420588CB103202B
:1053A0008DF800001020ADF8100007A8059007AA9E
:1053B000204604A909F033FC78B107200BB0BDE802
:1053C000F0830820ADF808508DF80E708DF80000BD
:1053D000ADF80A60ADF80C800CE00698A178017475
:1053E0002188C1818DF80E70ADF80850ADF80C80A1
:1053F000ADF80A606A4602214846069BFFF776FB35
:10540000DCE708B501228DF8022042F60202ADF871
:1054100000200A4603236946FFF72FFC08BD08B5A4
:1054200001228DF8022042F60302ADF800200A4660
:1054300004236946FFF721FC08BD00B587B079B1A8
:1054400002228DF800200A88ADF808204988ADF8BE
:105450000A1000236A460521FFF748FB07B000BD8C
:105460001020FBE709B1072307E40720704770B558
:1054700088B00D461446064606A9FFF70CFB002827
:105480000ED17CB10620ADF808508DF80000ADF8C3
:105490000A40069B6A460821DC813046FFF726FB5E
:1054A00008B070BD05208DF80000ADF80850F0E799
:1054B00000B587B059B107238DF80030ADF808204A
:1054C000039100236A460921FFF710FBC6E710206D
:1054D000C4E770B5064688B00C4600250846FBF7C1
:1054E000AAFEF0B906A93046FFF7D5FA0028D7D1B1
:1054F00006980121123003F064FA2178062921D29E
:10550000DFE801F0200505160318801E80B2C01EDA
:1055100082B2E08808B1A3681BB1904203D90C2085
:10552000BEE71020BCE7042904D0A08850B901E0F0
:105530000620B5E7012913D0022905D004291CD083
:1055400005292AD00720ABE709208DF800006088E4
:10555000ADF80800E088ADF80A00A068039023E0E9
:105560000A208DF800006088ADF80800E088ADF8EA
:105570000A00A0680A25039016E00B208DF80000B1
:105580006088ADF80800A088ADF80A00E088ADF8A2
:105590000C00A0680B25049006E00C208DF800009C
:1055A00060788DF808000C256A4629463046069B2F
:1055B000FFF79CFA74E700B587B00D228DF8002044
:1055C000ADF8081000236A461946FFF78FFA45E741
:1055D00000B587B071B102228DF800200A88ADF8BD
:1055E00008204988ADF80A1000236A460621FFF713
:1055F0007DFA33E7102031E770B586B0064601200A
:105600000D46ADF808108DF80000014600236A46EB
:105610003046FFF76BFA040008D12946304601F006
:1056200009FB0021304601F023FB204606B070BD87
:10563000F8B51D4616460F46069C07F074FEE41D9D
:10564000A1B200912B463246394607F073FAF8BDF5
:1056500030B41146DDE902423CB1032903D00023F6
:1056600030BC05F000BC0123FAE71A8030BC70475B
:1056700070B50C460546FFF71CFB2146284601F095
:10568000E8FA2846BDE87040012101F0F1BA0000B7
:105690001800002018B18178012938D101E01020CC
:1056A0007047018842F60112881A914231D018DC05
:1056B00042F60102A1EB020091422AD00CDC41B378
:1056C000B1F5C05F25D06FF4C050081821D0A0F507
:1056D0007060FF381BD11CE001281AD002280AD1C3
:1056E00017E0B0F5807F14D008DC012811D0022823
:1056F0000FD003280DD0FF2809D10AE0B0F5817F33
:1057000007D0A0F58070033803D0012801D0002015
:1057100070470F2070470A281FD008DC0A2818D2CB
:10572000DFE800F0191B1F1F171F231D1F21102862
:1057300015D008DC0B2812D00C2810D00D2816D05C
:105740000F2806D10DE011280BD084280BD0872814
:105750000FD00320704700207047052070470720B6
:1057600070470F20704704207047062070470C20B8
:10577000704743F20200704738B50C46050041D02F
:105780006946FEF7D3FA002819D19DF80010607819
:1057900061F3020060706946681CFEF7C7FA0028D2
:1057A0000DD19DF80010607861F3C5006070A97894
:1057B000C1F34101012903D0022905D0072038BDDA
:1057C000217821F0200102E0217841F020012170B0
:1057D000410704D0A978C90861F386106070607829
:1057E00010F0380F07D0A978090961F3C71060706D
:1057F00010F0380F02D16078400603D5207840F0D1
:1058000040002070002038BD70B50446002008809C
:1058100015466068FFF7B0FF002816D12089A189DE
:10582000884211D860688078C0070AD0B1F5007F3F
:105830000AD840F20120B1FBF0F200FB12102880E0
:1058400007E0B1F5FF7F01D90C2070BD01F2012105
:105850002980002070BD10B50478137864F300032C
:1058600013700478640864F3410313700478A40887
:1058700064F3820313700478E40864F3C3031370C1
:105880000478240964F3041313700478640964F33E
:10589000451313700078800960F38613137031B1DB
:1058A0000878C10701D1800701D5012000E0002060
:1058B00060F3C713137010BD4278530702D002F093
:1058C000070306E012F0380F02D0C2F3C20300E073
:1058D00001234A7863F302024A70407810F0380FCF
:1058E00002D0C0F3C20005E0430702D000F0070079
:1058F00000E0012060F3C5024A7070472DE9F04FC7
:1059000095B00D00824613D012220021284612F0D5
:1059100075FF4FF6FF7B05AA0121584604F01BFFD7
:105920000024264637464FF420586FF4205972E081
:10593000102015B0BDE8F08F9DF81E0001280AD197
:10594000BDF81C1041450BD011EB09000AD001280D
:105950000CD002280CD0042C0ED0052C0FD10DE059
:10596000012400E00224BDF81A6008E0032406E0E8
:105970000424BDF81A7002E0052400E00624BDF8F6
:105980001A10514547D12C74BEB34FF0000810AA2D
:105990004FF0070ACDE90282CDE900A80DF13C09DC
:1059A0001023CDF8109042463146584604F09FFF30
:1059B00008BBBDF83C002A46C0B210A909F02DF979
:1059C000C8B9AE81CFB1CDE900A80DF1080C0AAE7F
:1059D00040468CE84102132300223946584604F021
:1059E00086FF40B9BDF83C00F11CC01EC0B22A1DA4
:1059F00009F013F910B103209BE70AE0BDF8290074
:105A0000E881062C05D19DF81E00A872BDF81C0087
:105A1000288100208DE705A804F0A9FE00288BD07E
:105A2000FFF779FE85E72DE9F0471C46DDE9088799
:105A3000DDF8289015460E00824600D1FFDF022DCA
:105A400001D0012100E0002106F1140003F044FD23
:105A5000064602463B462946504605F011F9C8F86D
:105A6000000040B90CB1208818B145B11120BDE843
:105A7000F087A41C3C60A9F800600020F7E7132021
:105A8000F5E7F0B41446DDE904528DB1002314B1FA
:105A9000022C09D101E0012306E00D7CEE0703D0C2
:105AA00025F0010501230D742146F0BC05F0DBB99A
:105AB0001A80F0BC70472DE9FE4F91461A881C46AB
:105AC0008A468046FAB102AB494605F0D9F805008E
:105AD00019D04046A61C278807F037FC0721009103
:105AE0003B463246294607F059F820882346CDE93F
:105AF00000504A4651464046FFF7C3FF0020208031
:105B00000120BDE8FE8F0020FBE72DE9F04786B0BD
:105B100082460EA8904690E8B000894604AA05A9DE
:105B200003A88DE807001E462A4621465046FFF787
:105B30007AFF039901B101213970002818D1FA497F
:105B400004F1140204AB0860039805998DE807007E
:105B500042464946504604F078F8A8B1092811D2C7
:105B6000DFE800F005080510100A0C0C0E000020FC
:105B700006B07CE71120FBE70720F9E70820F7E7EC
:105B80000D20F5E70320F3E7BDF810100398CDE9E9
:105B9000000133462A4621465046FFF772FFE6E7EA
:105BA0002DE9F04389B01646DDE910870D468146A0
:105BB0001C461422002103A812F020FE012002211D
:105BC0008DF810108DF80C008DF81170ADF8146080
:105BD00064B1A278D20709D08DF81600E088ADF83C
:105BE0001A00A088ADF81800A068079008A80095D2
:105BF000CDE90110424603A948466B68FFF785FFCF
:105C000009B0BDE8F083F0B58BB0002406460694D9
:105C100007940727089405A8099401940097029413
:105C2000CDE903400D4610232246304604F05FFEC6
:105C300078B90AA806A9019400970294CDE9031047
:105C4000BDF8143000222946304604F0F0FB00284D
:105C500001D0FFF760FD0BB0F0BD04F081BA2DE973
:105C6000FC410C468046002602F072F90546207879
:105C70000D287DD2DFE800F0BC0713B325BD4949EC
:105C80006383AF959B00A848006820B1417841F03C
:105C900010014170ADE0404602F08AF9A9E004210C
:105CA000404607F00DFA070000D1FFDF07F11401AD
:105CB000404603F0A5FBA5BB13214046FCF7B0FB13
:105CC00097E00421404607F0FBF9070000D1FFDF11
:105CD000E088ADF800000020B8819DF800000107C1
:105CE00004D5C00602D5A088B88105E09DF8010062
:105CF00040067ED5A088F88105B9FFDF22462946F7
:105D0000404601F0C5FC022673E0E188ADF80010C2
:105D10009DF8011009060FD5072803D006280AD0E0
:105D20000AE024E00421404607F0CAF9060000D149
:105D3000FFDFA088F0810226CDB9FFDF17E0042144
:105D4000404607F0BDF9070000D1FFDF07F114005E
:105D500004F03DFA90F0010F02D1E079000648D539
:105D6000387C022640F00200387405B9FFDF00E0FD
:105D70003EE022462946404601F08AFC39E00421F3
:105D8000404607F09DF9017C002D01F00206C1F3A9
:105D900040016171017C21F002010174E7D1FFDF54
:105DA000E5E702260121404602F034F921E0042112
:105DB000404607F085F90546606800902089ADF8F7
:105DC000040001226946404602F045F9287C20F093
:105DD000020028740DE0002DC9D1FFDFC7E70226BD
:105DE00000214046FFF750FA002DC0D1FFDFBEE78B
:105DF000FFDF3046BDE8FC813EB50C0009D001460E
:105E00006B4601AA002004F0F8FD20B1FFF783FCE7
:105E10003EBD10203EBD00202080A0709DF80500F2
:105E200002A900F00700FDF79DFF50B99DF808009A
:105E300020709DF8050002A9C0F3C200FDF792FF93
:105E400008B103203EBD9DF8080060709DF8050074
:105E5000C109A07861F30410A0709DF805108909AC
:105E600061F3C300A0709DF80410890601D50221DA
:105E700000E0012161F342009DF8001061F3000091
:105E8000A07000203EBD70B5144606460D4651EA8E
:105E9000040005D075B10846FBF711FA78B901E0A6
:105EA000072070BD2946304604F011FE10B1BDE850
:105EB000704030E454B12046FBF701FA08B11020DD
:105EC00070BD21463046BDE8704095E7002070BDAA
:105ED0002DE9FC5F0C469046054600270178082214
:105EE000007A3E46B2EB111F7ED104F10A01009107
:105EF0000A31821E4FF0020A04F1080B0191092AAF
:105F000073D2DFE802F0ECDF05F427277AA9CD0091
:105F10006888042107F0D4F8060000D1FFDFB089BB
:105F200020B152270726C2E0580200205127102630
:105F3000002C7DD06888A0800120A071A889002253
:105F40000099FFF7A0FF002873D1A8892081288A33
:105F5000E081D1E0B5F81290072824D1E87B000653
:105F600021D5512709F1140086B2002CE1D0A8896F
:105F700000220099FFF787FF00285AD16888A08087
:105F800084F806A0A88920810120A073288A208295
:105F9000A4F81290A88A009068884B46A969019AD3
:105FA00001F052FBA8E0502709F1120086B2002C44
:105FB0003ED0A88900225946FFF765FF002838D156
:105FC0006888A080A889E080287A072813D002205A
:105FD0002073288AE081E87BC0096073A4F81090E0
:105FE000A88A0090688801E083E080E04B4604F1D5
:105FF0001202A969D4E70120EAE7B5F81290512707
:1060000009F1140086B2002C66D06888042107F0DC
:1060100057F883466888A080A88900220099FFF776
:1060200032FF00286ED184F806A0A889208101E003
:1060300052E067E00420A073288A2082A4F812901E
:10604000A88A009068884B46A969019A01F0FCFA79
:10605000A989ABF80E104FE06888FBF7CBFA07462A
:106060006888042107F02CF8064607B9FFDF06B957
:10607000FFDF687BC00702D05127142601E05027BC
:1060800012264CB36888A080502F06D084F806A052
:10609000287B594601F0E8FA2EE0287BA11DF9E79C
:1060A000FE49A8894989814205D1542706269CB119
:1060B0006888A08020E053270BE06888A080A8892A
:1060C000E08019E06888042106F0FAFF00B9FFDFDC
:1060D00055270826002CF0D1A8F8006011E05627BB
:1060E0000726002CF8D06888A080002013E0FFDF8E
:1060F00002E0012808D0FFDFA8F800600CB127807B
:1061000066800020BDE8FC9F57270726002CE3D0BF
:106110006888A080687AA071EEE7401D20F0030037
:1061200009B14143091D01EB4000704713B5DB4A3B
:1061300000201071009848B10024684606F0F2FD76
:10614000002C02D1D64A009911601CBD0124002008
:10615000F4E770B50D461446064686B05C22002171
:10616000284612F04BFB04B9FFDFA0786874A278D0
:106170002188284601F0A3FA0020A881E88122881E
:1061800005F11401304603F01FF96A46012130463B
:1061900004F0E1FA1AE000BF9DF80300000715D5EE
:1061A000BDF806103046FFF72EFD9DF80300BDF840
:1061B000061040F010008DF80300BDF80300ADF8A4
:1061C0001400FF233046059A04F046FC684604F0AC
:1061D000CEFA0028E0D006B070BD10B50C4601F133
:1061E000140003F029F90146627C2046BDE8104006
:1061F00001F09ABA30B50446A84891B04FF6FF7541
:10620000C18905AA284604F0A6FA30E09DF81E00D0
:10621000A0422AD001282AD1BDF81C00B0F5205F89
:1062200003D042F60101884221D1002002AB0AAA24
:106230000CA9019083E8070007200090BDF81A1010
:1062400010230022284604F052FB38B9BDF828007C
:106250000BAAC0B20CA908F0E0FC10B1032011B0E9
:1062600030BD9DF82E00A04201D10020F7E705A81F
:1062700004F07DFA0028C9D00520F0E770B5054686
:10628000042106F01DFF040000D1FFDF04F114011A
:106290000C46284603F0B4F821462846BDE8704075
:1062A00003F0B5B870B58AB00C460646FBF7A2F904
:1062B000050014D02878222827D30CB1A08890B1EB
:1062C00001208DF80C0003208DF8100000208DF8BF
:1062D000110054B1A088ADF81800206807E043F21F
:1062E00002000AB070BD0920FBE7ADF81800059068
:1062F0000421304606F0E4FE040000D1FFDF04F183
:10630000140003F0B0F8000701D40820E9E701F019
:106310001FFE60B108A802210094CDE9011095F894
:10632000232003A930466368FFF7EFFBD9E711206C
:10633000D7E72DE9F04FB2F802A0834689B01546A1
:1063400089465046FBF756F907460421504606F0A9
:10635000B7FE0026044605964FF002080696ADF8F3
:106360001C6007B9FFDF04B9FFDF4146504604F067
:10637000A6FE50B907AA06A905A88DE8070042465F
:10638000214650466368FFF74EFB444807AB066062
:10639000DDE9051204F11400CDF80090CDE90320E9
:1063A000CDE9013197F82320594650466B6803F038
:1063B000A3F806000AD0022E04D0032E14D0042E17
:1063C00000D0FFDF09B03046BDE8F08FBDF81C00FB
:1063D0000028F7D00599CDE90010424621465046E5
:1063E0006368FFF74EFBEDE7687840F008006870DF
:1063F000E8E72DE9F04F99B004464FF00008274830
:10640000ADF81C80ADF82080ADF82480A0F808809D
:10641000ADF81480ADF81880ADF82C80ADF8288068
:10642000007916460D464746012808D0022806D0B6
:10643000032804D0042802D0082019B0C4E720465D
:10644000FAF7F9FE70BB2846FAF7F5FE50BB606814
:10645000FAF73EFF30BB606848B160892189884205
:1064600002D8B1F5007F01D90C20E6E780460EAADC
:1064700006A92846FFF7C8F90028DED168688078A9
:10648000C0F34100022808D19DF8190010F0380F20
:1064900003D02869FAF713FF20B904E0580200205E
:1064A0002000002022E005A92069FFF765F90028F7
:1064B000C3D1206948B1607880079DF8150000F0CD
:1064C000380001D5F0B300E0E0BB9DF81400800671
:1064D0000ED59DF8150010F0380F03D06068FAF75C
:1064E000EEFE18B96068FAF7F3FE08B11020A4E7D1
:1064F0000AA96069FFF740F900289ED1606940B1A0
:106500009DF8290000F0070101293CD110F0380F57
:1065100039D00BA9A069FFF72FF900288DD19DF87C
:10652000280080062FD49DF82C0080062BD4A0696B
:1065300050B19DF82D0000F00701012923D110F082
:10654000380F00E01FE01ED0E06818B10078D0B12D
:106550001C2818D20FAA611C2046FFF77CF90121E4
:10656000384661F30F2082468DF85210B94642F644
:1065700003000F46ADF850000DF13F0218A928683E
:1065800008F04DFB08B1072057E79DF8600015A9FA
:10659000CDF80090C01CCDE9019100F0FF0B002365
:1065A0000BF20122514614A804F000F8F0BBBDF82C
:1065B00054000C90FE482A8929690092CDE9011007
:1065C0006B89BDF838202868069903F0EFFF0100B9
:1065D0007ED120784FF0020AC10601D480062BD567
:1065E000CDF80C90606950B90AA906A8FFF764F9C4
:1065F0009DF8290020F00700401C8DF829009DF827
:10660000280008A940F0C8008DF828008DF85270C5
:1066100042F60210ADF8500003AACDF800A0CDE973
:106620000121002340F2032214A800E01EE00A9991
:1066300003F0BCFF01004BD1DD484D4608385B46F6
:106640000089ADF83D000FA8CDE90290CDF8049087
:10665000CDF810904FF007090022CDF80090BDF85A
:1066600054104FF6FF7003F0E2FE10B1FFF753F83D
:10667000E3E69DF83C00000624D52946012060F39E
:106680000F218DF852704FF424500395ADF850004F
:1066900062789DF80C00002362F300008DF80C0076
:1066A0006278CDF800A0520862F341008DF80C002A
:1066B00003AACDE9012540F2032214A803F076FFD6
:1066C000010005D1606888B32069A8B905A900E078
:1066D00084E006A8FFF7F0F86078800706D49DF8FC
:1066E000150020F038008DF8150005E09DF8140025
:1066F00040F040008DF814008DF8527042F6011001
:10670000ADF85000208940F20121B0FBF1F201FB0D
:106710001202606809ABCDF80080CDE901030023C7
:1067200014A8059903F042FF010057D12078C00753
:1067300028D00395A06950B90BA906A8FFF7BCF8AB
:106740009DF82D0020F00700401C8DF82D009DF8CD
:106750002C008DF8527040F040008DF82C0042F66D
:106760000310ADF8500007A903AACDF800A0CDE9A9
:106770000121002340F2032214A80B9903F016FF15
:1067800001002BD1E06868B32946012060F30F2196
:106790008DF8527042F60410ADF85000E068002306
:1067A00002788DF8582040788DF85900E06816AAD4
:1067B0004088ADF85A00E06800798DF85C00E06828
:1067C000C088ADF85D00CDF80090CDE901254FF40B
:1067D000027214A803F0EAFE010003D00C9800F046
:1067E000CFFF2AE6724803210838017156B10089AB
:1067F0003080BDF824007080BDF82000B080BDF866
:106800001C00F080002018E670B501258AB01646FD
:106810000B46012802D0022816D104E08DF80E5054
:106820004FF4205003E08DF80E5042F60100ADF811
:106830000C005BB10024601C60F30F2404AA08A9BB
:10684000184608F0ECF918B107204AE5102048E591
:1068500004A99DF820205648CDE90021801E029011
:106860000023214603A802F2012203F09FFE10B18B
:10687000FEF751FF35E54E4808380EB1C18831802A
:10688000057100202DE5F0B593B0074601268DF87F
:106890003E6041F60100ADF83C0012AA0FA9304657
:1068A000FFF7B2FF002849D1414C0025083CEFB367
:1068B0001C22002102A811F0A1FF9DF808008DF80C
:1068C0003E6040F020008DF8080042F60520ADF84B
:1068D0003C000E959DF83A00119520F00600801CB2
:1068E0008DF83A009DF838006A4620F0FF008DF8D8
:1068F00038009DF8390009A920F0FF008DF8390013
:106900000420ADF82C00ADF830000EA80A9011A8B4
:106910000D900FA80990ADF82E5002A8FFF769FD61
:1069200000280BD1BDF80000608100E008E0BDF850
:106930000400A081401CE0812571002013B0F0BD4F
:106940006581A581BDF84800F4E72DE9F74F1849A6
:10695000A0B00024083917940A79A146012A04D06E
:10696000022A02D0082023B02EE5CA88824201D034
:106970000620F8E721988A46824201D10720F2E7F3
:106980000120214660F30F21ADF848004FF6FF7853
:106990000691ADF84A808DF86E0042F6020B8DF834
:1069A00072401CA9ADF86CB0ADF87040139101E0D5
:1069B00060020020ADF8508012A803F007FF002508
:1069C0002E462F460DAB072212A9404603F001FFC9
:1069D00078B10A285DD195B38EB3ADF86450ADF8A7
:1069E00066609DF85E008DF8144019AC012864D0F3
:1069F0006BE09DF83A001FB3012859D1BDF838105B
:106A000059451FD118A809A901940294CDE9031092
:106A100007200090BDF8361010230022404603F0F6
:106A200066FFB0BBBDF86000042801D006284AD13B
:106A3000BDF82410219881423AD10F2093E73AE023
:106A4000012835D1BDF83800B0F5205F03D042F6FB
:106A5000010188422CD1BAF80600BDF836108842F0
:106A600001D1012700E0002705B19EB121988142A4
:106A70001ED118A809AA01940294CDE90320072089
:106A800000900D4610230022404603F030FF00B96D
:106A900002E02DE04E460BE0BDF86000022801D078
:106AA000102810D1C0B217AA09A908F0B6F850B939
:106AB000BDF8369086E7052055E705A917A8221DE1
:106AC00008F0ADF808B103204DE79DF8140000234D
:106AD000001DC2B28DF8142022980092CDE9014029
:106AE0001BA8069903F062FD10B902228AF804205F
:106AF000FEF711FE37E710B50B46401E88B084B292
:106B000005AA00211846FEF7A6FE00200DF1080C8C
:106B100006AA05A901908CE8070007200090012330
:106B2000002221464FF6FF7003F081FC0446BDF8B9
:106B30001800012800D0FFDF2046FEF7ECFD08B06A
:106B400010BDF0B5F94F044687B038790E460328DA
:106B500004D0042802D0082007B0F0BD04AA03A97D
:106B60002046FEF751FE0500F6D160688078C0F33C
:106B7000410002280AD19DF80D0010F0380F05D011
:106B80002069FAF79CFB08B11020E5E7208905AAE7
:106B900021698DE807006389BDF8102020680399FA
:106BA00003F004FD10B1FEF7B6FDD5E716B1BDF850
:106BB00014003080042038712846CDE7F8B50C0069
:106BC00006460CD001464FF6FF7500236A4628465C
:106BD00003F013FF28B100BFFEF79DFDF8BD1020A4
:106BE000F8BD69462046FEF7C7FD0028F8D1A07819
:106BF000314600F001032846009A03F02DFFEBE731
:106C000030B587B0144600220DF1080C05AD019295
:106C10008CE82C00072200920A46014623884FF692
:106C2000FF7003F004FCBDF814102180FEF773FD23
:106C300007B030BD70B50D46042106F041FA0400DE
:106C400000D1FFDF294604F11400BDE8704002F0D6
:106C500003BC70B50D46042106F032FA040000D1E1
:106C6000FFDF294604F11400BDE8704002F017BCB4
:106C700070B50D46042106F023FA040000D1FFDFB1
:106C8000294604F11400BDE8704002F02FBC70B535
:106C90000546042106F014FA040000D1FFDF214666
:106CA00028462368BDE870400122FEF704BF70B596
:106CB0000646042106F004FA040000D1FFDF04F1C7
:106CC000140002F0B9FB401D20F0030511E0011D86
:106CD00000880022431821463046FEF7ECFE0028CB
:106CE0000DD0607CABB2684382B2A068011D06F093
:106CF000B9F8A068002802D041880029E7D170BD0A
:106D000070B50546042106F0DBF9040000D1FFDF71
:106D1000214628466368BDE870400222FEF7CBBEDC
:106D200070B50E46054601F013F9040000D1FFDFEF
:106D30000120207266726580207820F00F00001D0F
:106D400020F0F00040302070BDE8704001F003B941
:106D500010B50446012900D0FFDF2046BDE81040F1
:106D60000121FEF791BA2DE9F04F97B04FF00009DD
:106D700083460C46ADF81490C8460846FAF75BFA0D
:106D8000C8B9E06830B1A068A8B10188ADF81410A6
:106D9000A0F800905846FAF72DFC070043F2020ACB
:106DA0005FD03878222874D30421584606F088F939
:106DB000050005D103E0102017B0BDE8F08FFFDF1C
:106DC00005F1140002F038FB401D20F00306A07806
:106DD000012803D0022801D00720EDE7218807AA67
:106DE000584603F0B8FC30BB07A803F0C0FC10BB4A
:106DF00007A803F0BCFC48B99DF82600012805D17E
:106E0000BDF82400A0F52451023902D04FF45050AF
:106E1000D2E7E068B0B1CDE902900720009005AA62
:106E2000CDF804900492A2882188BDF81430584609
:106E300003F0FDFA10B1FEF76EFCBDE7A168BDF8E6
:106E4000140008809DF81F00C00602D543F20140DF
:106E5000B2E70B9828B19DF8200010F0380F03D14D
:106E600001E05046A8E7FFDF9DF820003049C0F35D
:106E7000C200084497F8231010F8010C884201D989
:106E80000F2099E70B98A1780078012903D080079B
:106E900017D4082090E7C007FBD0002702208DF808
:106EA0004000A86898B1697C4288714391420ED92C
:106EB0008AB2B3B2011D05F08BFF8046A0F80090A6
:106EC00005E0012703208DF84000D5F800802088D8
:106ED000ADF844000FA80095CDE9017043460722A4
:106EE00010A95846FEF711FE002891D19DF83C00EC
:106EF00050B9A078012807D1687CB3B2704382B240
:106F0000A868011D05F078FF002055E770B506461A
:106F100015460C460846FEF7BDFB00280AD12A4656
:106F200021463046BDE870406EE400005802002063
:106F300086B1010070BD08E570B51E4614460D000F
:106F400009D044B1616831B138B1FC49C988814286
:106F500003D0072070BD102070BD2068FEF79AFB9B
:106F60000028F9D1324621462846BDE87040FFF797
:106F700040BA70B515460C0006D038B1EF49098902
:106F8000814203D0072070BD102070BD2068FEF73D
:106F900081FB0028F9D129462046BDE87040D0E5A4
:106FA00070B5064686B00D4614461046FAF769F9E4
:106FB000D0BB6068FAF78CF9B0BBA6F57F40FF380C
:106FC00003D03046FAF716FB80B128466946FEF733
:106FD00095FC00280CD19DF810100F2008293DD2F7
:106FE000DFE801F008060606060A0A0843F2020076
:106FF00006B070BD0320FBE79DF80210012908D1FF
:10700000BDF80010B1F5C05FF2D06FF4C052D142AC
:10701000EED09DF8061001290DD1BDF80410A1F5A0
:107020002851062907D200E029E0DFE801F0030338
:1070300004030303DCE79DF80A1001290FD1BDF812
:107040000810B1F5245FD3D0A1F60211B1F50051BB
:10705000CED00129CCD0022901D1C9E7FFDF606879
:1070600078B9002305AA2946304603F0C6FC10B1C2
:10707000FEF751FBBCE79DF81400800601D41020F8
:10708000B6E76188224628466368FFF7B9FDAFE797
:107090002DE9F043814687B0884614461046FAF73A
:1070A000F0F818B1102007B0BDE8F083002306AA5D
:1070B0004146484603F0A1FC18B100BFFEF72BFB88
:1070C000F1E79DF81800C00602D543F20140EAE757
:1070D0000025072705A8019500970295CDE90350E3
:1070E00062884FF6FF734146484603F000FC0600F5
:1070F00013D16068FAF7C5F860B960680195CDE909
:10710000025000970495238862884146484603F060
:10711000EEFB0646BDF8140020803046CEE739B1BC
:10712000864B0A889B899A4202D843F20300704733
:1071300019E610B588B000230093019302930393DE
:107140007E4C0423ADF8143063893BB1A4898C4292
:1071500001D2914204D943F20300F0E40620EEE4A8
:10716000ADF81010ADF8003002218DF8021005A91D
:10717000029104A90391ADF812206946FFF7F3FDCF
:10718000DDE42DE9FC4781460D460846FAF753F841
:1071900088BB4846FAF72EFA5FEA00080AD098F84A
:1071A0000000222829D30421484605F089FF070062
:1071B00005D103E043F20200BDE8FC87FFDF07F1E1
:1071C000140002F050F906462878012803D002285E
:1071D00004D00720F0E7B0070FD502E016F01C0F2F
:1071E0000BD0A8792C1DC00709D0E08838B1A06861
:1071F000FAF721F818B11020DEE70820DCE7218833
:107200002A780720B1F5847F35D01EDC40F20315C3
:10721000A1F20313A94226D00EDCB1F5807FCBD0BA
:1072200003DCF9B1012926D1C6E7A1F58073013B42
:10723000C2D0012B1FD113E0012BBDD0022B1AD0DD
:10724000032BB9D0042B16D112E0A1F20912082A9F
:1072500011D2DFE802F00B04041010101004ABE7A9
:10726000022AA9D007E0012AA6D004E0320700E0F4
:10727000F206002AA0DACDB200F06AFE50B198F80A
:107280002300CDE90005FA89234639464846FEF732
:1072900087FC91E711208FE72DE9F04F8BB01F4657
:1072A00015460C4683460026FAF7A4F928B1007863
:1072B000222805D208200BB07FE543F20200FAE74E
:1072C000B80801D00720F6E7032F00D100274FF6BA
:1072D000FF79CCB1022D72D32046F9F7F9FF30B90E
:1072E00004EB0508A8F10100F9F7F2FF08B110203E
:1072F000E1E7AD1E38F8028CAAB22146484603F0F9
:107300005EFC40455BD1ADB20C49B80702D5888917
:10731000401C00E001201FFA80F8F80701D08F8997
:1073200000E04F4605AA4146584603F014FA4FF0D4
:10733000070A4FF00009D4B320460AE058020020A3
:10734000408810283BD8361D304486B2AE4236D233
:10735000A01902884245F3D351E000BF9DF8170001
:1073600002074CD594B304EB0608361DB8F802307A
:10737000B6B2102B23D89A19AA4220D8B8F8002008
:1073800091421CD1C0061CD5CDE900A90DF1080C15
:107390000AAAA11948468CE80700B8F80010002294
:1073A000584603F044F820B1FEF7B5F983E726E02C
:1073B00005E0B8F80200BDF82810884201D00B2083
:1073C00079E7B8F80200304486B207E0FFE7C0066C
:1073D00004D55846FEF717FC002889D19DF8170000
:1073E000BDF81A1020F010008DF81700BDF8170036
:1073F000ADF80000FF235846009A03F02DFB05A8C6
:1074000003F0B5F918B9BDF81A10B942A6D904218C
:10741000584605F055FE040000D1FFDFA2895AB19D
:10742000CDE900A94D46002321465846FEF7B8FB9A
:107430000028BBD1A5813EE700203CE72DE9FF4FA6
:107440008BB01E4617000D464FF0000412D0B00856
:1074500002D007200FB0B0E4032E00D100265DB1AA
:107460000846F9F72CFF28B93888691E0844F9F74F
:1074700026FF08B11020EDE7C74AB00701D5D18932
:1074800000E00121F0074FF6FF7802D0D089401EBE
:1074900000E0404686B206AA0B9803F05CF94FF074
:1074A00000094FF0070B0DF1140A38E09DF81B009E
:1074B000000734D5CDF80490CDF800B0CDF8089091
:1074C000CDE9039A434600220B9803F010FA60BB03
:1074D00005B3BDF814103A8821442819091D8A42C1
:1074E00030D3BDF81E2020F8022BBDF8142020F860
:1074F000022BCDE900B9CDE90290CDF810A0BDF87E
:107500001E10BDF8143000220B9803F0F0F908B1FA
:1075100003209FE7BDF814002044001D84B206A894
:1075200003F025F920B10A2806D0FEF7F4F891E718
:10753000BDF81E10B142B9D934B17DB13888A11C53
:10754000884203D20C2085E7052083E7224629469E
:10755000404603F034FB014628190180A41C3C80FE
:10756000002077E710B50446F9F78BFE08B110202C
:1075700010BD8948C0892080002010BDF0B58BB0B7
:107580000D4606461422002103A811F037F9012008
:107590008DF80C008DF8100000208DF81100ADF86A
:1075A00014503046FAF726F848B10078222812D352
:1075B0000421304605F084FD040005D103E043F2C8
:1075C00002000BB0F0BDFFDF04F11400074601F02C
:1075D0004AFF800601D40820F3E7207C022140F016
:1075E0000100207409A80094CDE90110072203A925
:1075F00030466368FEF789FA20B1217C21F0010151
:107600002174DEE729463046FDF72FFE08A93846EB
:1076100001F015FF00B1FFDFBDF82040172C01D2AB
:10762000172000E02046A84201D92C4602E0172C82
:1076300000D2172421463046FFF70BFB2146304687
:10764000FDF737FB0020BCE7F8B51D4616460F4690
:10765000069C05F068FEE41DA1B200912B4632465F
:10766000394605F067FAF8BD70B50C4605460E229E
:107670000021204611F0C2F8002020802DB1012DFC
:1076800001D0FFDF70BD062000E00520A07170BDB5
:1076900010B548800878134620F00F00001D20F038
:1076A000F00080300C4608701422194604F10800DE
:1076B00011F084F800F04FFC3748046010BD2DE94C
:1076C000F047DFF8D890491D064621F00301174620
:1076D0000C46D9F8000005F043FB050000D1FFDFA0
:1076E0004FF000083560A5F800802146D9F8000069
:1076F00005F036FB050000D1FFDF7560A5F80080BE
:107700007FB104FB07F1091D0BD0D9F8000005F08B
:1077100027FB040000D1FFDFB460C4F80080BDE89F
:10772000F087C6F80880FAE72DE9F0411746491DB1
:1077300021F00302194D064601681446286805F039
:107740003AFB22467168286805F035FB3FB104FB1F
:1077500007F2121D03D0B168286805F02CFB042045
:1077600005F05AFC0446042005F05EFC201A0128AE
:1077700004D12868BDE8F04105F0E7BABDE8F08122
:1077800010B50C4602F0B6FF00B1FFDF2046BDE8A1
:107790001040FDF7C0BF000058020020200000206C
:1077A0002DE9FF5F8B46FF4982461446D1E901016E
:1077B000CDE902010BF1030222F0030201A84FF40C
:1077C0009071019205F0AEFAF74E002C02D1F74904
:1077D000019A8A60019901440191B57E05F1010584
:1077E00004D1E8B207F09CF900B1FFDF019800EB8B
:1077F0000510C01C20F00301019144B9327A002029
:107800000870B08B80B202F0D2FD00B1FFDF0198AA
:10781000F16908440190214601A800F033FF804639
:107820000198C01C20F003000190337A727A04B1F1
:107830000020002105F05FFB0199084401902146DA
:1078400001A800F060FFD84800273D4690F801905D
:107850000CE0284600F0F9FE064681788088FDF7A6
:10786000BFFA71786D1C00FB0177EDB24D45F0D188
:107870000198C01C20F00300019004B1002039469B
:10788000FDF7B9FA0199002708440190C6483D4622
:1078900090F801900CE0284600F0D7FE0646C1782B
:1078A0008088FEF73AFC71786D1C00FB0177EDB221
:1078B0004D45F0D10198C01C20F00300019004B1A7
:1078C00000203946FEF732FC019908440190B74880
:1078D00000214278084603F0A2FA214601A800F0F0
:1078E0007FFE0198C01D20F007000190DAF800101B
:1078F000814204D3A0EB0B01B1F5803F04DB4FF0D4
:107900000408CAF8000004E0CAF80000B8F1000F4B
:1079100003D0404604B0BDE8F09F4CBBFAF75FFBD4
:10792000A14C207E0090607E012823D0002318B354
:1079300000229D4800210C30FAF7CDFF00B1FFDF97
:10794000E07EFEF7A0FF00B1FFDF97484FF4F6722C
:107950000021303010F052FF93480421303080F87D
:10796000E91180F8EA11062180F8EB110321017179
:107970000020CFE70123DAE702AADAE770B58A4CE4
:1079800006463034207804EB4015E078083598B985
:10799000A01990F8E80100280FD0A0780F2800D394
:1079A000FFDF20220021284610F028FF687866F3C8
:1079B000020068700120E070284670BD2DE9F0419A
:1079C00005460C4600270078052190463E46B1EB5F
:1079D000101F00D0FFDF287A50B101280ED0FFDF42
:1079E000A8F800600CB1278066800020BDE8F08117
:1079F0000127092674B16888A08008E002271426B0
:107A000044B16888A0802869E060A88A2082287B29
:107A10002072E5E7A8F80060E7E730B5624C012086
:107A200000212070617003222272607260762176DC
:107A3000A17221730521A1821F21E18260735CA1E3
:107A400021610A21A176E076584D4FF4B060E061E3
:107A50006868C11C21F00301814200D0FFDF686823
:107A6000606030BD30B5514C1568636808339D4285
:107A700002D20420136030BD4B4B5D785A6802EB94
:107A8000C502107051700320D08017209080012013
:107A9000D07090705878401C5870606808306060F2
:107AA000002030BD70B506463F480024457807E009
:107AB000204600F0CAFD0178B14204D0641CE4B253
:107AC000AC42F5D1002070BDF7B5064608780C46EB
:107AD000F0B1FFF7E7FF0546202E06D0212E19D082
:107AE000222E17D0232E13D10FE000F0B9FD0DB1D7
:107AF000697800E00021401A81B2A0780144FF2992
:107B000006D828B1A08828B902E06088172801D2D9
:107B10000720FEBD65B9207802AA0121FFF7A2FF68
:107B20000028F6D12078FFF7BDFF050000D1FFDF68
:107B3000202E08D0212E0ED0222E0FD0232E07D09B
:107B4000FFDF0020FEBDA0786870A088E880F8E71D
:107B50006088A880F5E7A078A870F2E7A078E870C0
:107B6000EFE71E2845D011DC1B284DD2DFE800F0DE
:107B70002F4C344C4C3B3B3739434C4C3D4C4C4CDC
:107B80004C45414C4C4C4C4C4C4C49003A282ED066
:107B900012DC282838DD292836D02A2834D030288D
:107BA00032D126E08CB10100940200202400002094
:107BB0006E524635780000003B380B2824D2DFE8AF
:107BC00000F0231023232323230823231E00002057
:107BD000704743F20400704743F2020070470420EC
:107BE00070470D2070470F20704708207047112004
:107BF0007047072070471320704706207047092000
:107C0000704743F2070070470320704708B50078BB
:107C100000F001008DF80000684604F03EFAFFF71E
:107C2000A0FF08BD0EB5017801F001018DF800102C
:107C3000417801F001018DF801100178C1F3400194
:107C40008DF802104178C1F340018DF803100178DE
:107C500089088DF80410417889088DF8051081781D
:107C60008DF80610C1788DF8071000798DF808009E
:107C7000684603F05CFDFFF774FF0EBD07207047F8
:107C80002DE9F84FDFF8F883FE4C002621E00120B3
:107C900000F06EFD0120FFF771FE05464FF490796C
:107CA00049464746D8F8080005F05AF8686000B918
:107CB000FFDF686803F035FBA8B12846F9F707FE37
:107CC000284600F05BFD20B94A466968B86805F0AF
:107CD00072F894F9E9010428D9DA022005F09CF938
:107CE00007460025A7E04FF490726968D8F80800AD
:107CF00005F061F8F1E7B8F802104046491C89B276
:107D0000A8F80210B94201D3002141800221B8F83D
:107D1000020005F0D5F9002865D0B8F802006946E0
:107D200004F077F9FFF71DFF00B1FFDF9DF80000B9
:107D300078B1B8F8020005F008FB5FEA000900D14D
:107D4000FFDF484604F089FD18B1B8F8020003F0DF
:107D5000A4F9B8F8020005F0E6FA5FEA000900D1DC
:107D6000FFDF484604F071FDE8BB0321B8F80200CC
:107D700005F0A6F95FEA000B48D1FFDF46E000BF3F
:107D8000DBF80C0010B10078FF2849D0022000F089
:107D9000EFFC0220FFF7F2FD8246484604F061FE48
:107DA000CAF8040000B9FFDFDAF8040004F02AFF83
:107DB000002100900170B8F802105046AAF8021095
:107DC00003F098F8484604F01FFF00B9FFDF504663
:107DD00000F0D4FC18B99AF80100000704D5009807
:107DE000CBF80C0012E024E0DBF80C0038B101788D
:107DF000491C11F0FF01017008D1FFDF06E00022ED
:107E00001146484600F0EAFB00B9FFDF94F9EA01A9
:107E1000022805DBB8F8020003F047F80028AFD1CC
:107E200094F9E901042804DB484604F052FF00B14C
:107E300001266D1CEDB2BD4204D294F9EA0102287C
:107E4000BFF659AF002E7FF420AFBDE8F84F0320F6
:107E500000F08EBC10B58A4CE06008682061AFF27B
:107E6000DF1010F03FFF607010BD864800213038F1
:107E700001708348017084494160704770B50546C0
:107E80004FF080500C46D0F8A410491C05D1D0F812
:107E9000A810C9430904090C0BD050F8A01F01F029
:107EA00001012970416821608068A080287830B97C
:107EB00070BD0621204607F099F8012028706079EE
:107EC00040F0C000607170BD70B54FF080540D4639
:107ED000D4F88010491C0BD1D4F88410491C07D168
:107EE000D4F88810491C03D1D4F88C10491C0CD04C
:107EF000D4F880100160D4F884104160D4F8881060
:107F00008160D4F88C10C16002E0102107F06EF897
:107F1000D4F89000401C0BD1D4F89400401C07D139
:107F2000D4F89800401C03D1D4F89C00401C09D020
:107F300054F8900F286060686860A068A860E068E6
:107F4000E86070BD2846BDE87040102107F04EB8CB
:107F50004C48007912E570B54A4CE07830B320788F
:107F600004EB4010407A00F00700204490F9E8014B
:107F7000002800DCFFDF2078002504EB4010407A69
:107F800000F00700011991F8E801401E81F8E801AE
:107F90002078401CC0B220700F2800D12570A07836
:107FA000401CA07006F08CFFE57070BDFFDF70BD57
:107FB0003EB50546032105F083F80446284605F042
:107FC000B2F9054604B9FFDFE06818B10078FF2870
:107FD00000D1FFDF01AA6946284600F0FFFA60B928
:107FE000FFDF0AE0002202A9284600F0F7FA00B9F4
:107FF000FFDF9DF8080000B1FFDF9DF80000411E83
:108000008DF80010EED2E0680199884201D100207D
:10801000E0603EBD70B50546A0F57F400C46FF38D8
:1080200000D1FFDF012C01D0FFDF70BDFFF790FF13
:10803000040000D1FFDF207820F00F00401D20F069
:10804000F0005030207065800020207201202073E5
:10805000BDE870407FE72DE9F04116460D46074622
:10806000FFF776FF040000D1FFDF207820F00F003B
:10807000401D20F0F000503020706780012005E0A6
:1080800024000020C4020020B010002020722868C4
:108090002061A888A0822673BDE8F0415BE73EB569
:1080A000FFF700FD040000D1FFDFA18803208DF859
:1080B00000008DF80100081D091DADF80200ADF8A3
:1080C0000410E08840F2E24148430290684603F021
:1080D000C5FF00B1FFDF02A803F0D4FF002800D0E5
:1080E000FFDF3EBD2DE9F05FF74F8046387808B1DD
:1080F000082010E44046F9F7C4F808B110200AE45B
:10810000F24D287808B9FFF788FC2C7A464600F033
:10811000A7FAA04207D2201AC1B232460020FFF7C8
:10812000A1FC0028E5D17968BB46C91C21F00301F8
:1081300079600027E5483E46B946BA463C46457850
:1081400007E0204600F081FA4078641C0644E4B25F
:108150007F1CAC42F5D1DD4D0AEB870000EBC60079
:10816000297A00EB890000EBC100697A5C4600EBDC
:108170008100DBF804100122461831464046FFF723
:108180000FFB070012D00020FFF78CFC06000BD07D
:1081900006F10B00616820F00300884200D0FFDF89
:1081A0006878401E687066603846A2E70022314653
:1081B0004046FFF7F5FA00B1FFDFD8F80000606035
:1081C0004FF6FF70608001202070002091E72DE9BC
:1081D000F0410446BC4817460E46007808B1082016
:1081E00004E40846F9F727F808B11020F8E7B74D7E
:1081F000287808B9FFF711FC601E1E2807D8012C4B
:1082000022D13078FE281FD8A8760020E8E7A4F114
:1082100020001F2805D8E0B23A463146BDE8F041BB
:1082200052E4A4F140001F2805D831462046BDE89D
:10823000F04100F0CBBAA4F1A0001F2804D8002020
:10824000A02C03D0A12C06D00720C9E7317801F07B
:108250000101E976C4E731680922F82901D38B07C7
:1082600001D01046BCE76B7B03F00303012B04D164
:10827000EB8AD7339CB28C42F3D8E961B0E72DE9A1
:10828000F04781460E460846F8F7FBFF48B94846D6
:10829000F9F715F828B909F1030020F00301494561
:1082A00002D01020BDE8F08788484FF0000A303037
:1082B000817869B14178804600EB411408343788F1
:1082C00032460021204600F067FA050004D027E07E
:1082D000A6F800A00520E5E7B9F1000F24D030880A
:1082E000B84201D90C251FE0607800F00705284648
:1082F00000F03EFA08EB0507324697F8E8014946D8
:10830000401C87F8E801204607F5F47700F044FAAE
:1083100005463878401E3870032000F029FA2DB148
:108320000C2D01D0A6F800A02846BBE76078664E69
:1083300000F00701012923D002290CD0032934D0F1
:10834000FFDF98F801104046491CC9B288F80110B7
:108350000F2935D036E0616821B1000702D460886A
:10836000FFF726FE98F8EA014746012802D1707807
:1083700010F0D4FC97F9EA010428E2DBFFDFE0E724
:10838000616821B14FF49072B06804F014FD98F860
:10839000E9014746032802D1707810F0BFFC97F935
:1083A000E9010428CDDBFFDFCBE7C00602D56088FA
:1083B000FFF7FEFD98F9EB010628C2DBFFDFC0E7FF
:1083C00080F801A08178491E8170617801F0070171
:1083D00001EB080090F8E811491C80F8E811A3E7C8
:1083E00070B50C460546F8F726FF18B92046F8F791
:1083F00048FF08B1102070BD284606F0C8FB207069
:1084000008B1002070BD042070BD70B5054606F0AF
:10841000D7FBC4B22846F8F752FF08B1102070BD50
:1084200035B128782C7018B1A04201D0072070BD5A
:108430002046FDF7DFFE052805D106F0C4FB012824
:1084400001D0002070BD0F2070BD70B504461546E8
:108450000E460846F8F7EFFE18B92846F8F711FF60
:1084600008B1102070BD022C03D0102C01D00920BF
:1084700070BD2A463146204606F0CFFB0028F7D0D3
:10848000052070BD70B514460D460646F8F7D3FEBC
:1084900038B92846F8F7F5FE18B92046F8F70FFF67
:1084A00008B1102070BD22462946304606F0B7FBC1
:1084B0000028F7D0072070BD3EB50446F8F7E1FE6E
:1084C00030B110203EBD00002400002094020020A6
:1084D000684603F0A7F8FFF744FB0028F2D19DF8A7
:1084E00005002070BDF806006080BDF80800A0807F
:1084F0000020E7E770B505460C460846F8F7DFFEB2
:1085000020B93CB12068F8F7BCFE08B1102070BD5E
:10851000A08828B121462846BDE87040FDF7C2BEBC
:10852000092070BD70B504460D460846F8F783FE75
:1085300048BB601E1E280CD82846032C07D2E449ED
:1085400001EB840151F8041CBDE870400847072086
:1085500070BDA4F120001F2805D829462046BDE89B
:108560007040F9F7CBBCA4F160001F2805D829465C
:108570002046BDE87040FCF7F6BEF22CE7D1286833
:10858000F8F7A6FE08B1102070BD284603F09EFD46
:10859000BDE87040FFF7E5BA70B504460D460846E1
:1085A000F8F76FFE30B9601E1E280DD82846F8F780
:1085B00042FE08B1102070BD012C01D0022C01D167
:1085C000062070BD072070BDA4F120001F28F9D837
:1085D00029462046BDE87040F9F7DABC04F004B93A
:1085E0007CB50446BB48807A00F0010539BB02F037
:1085F00091FA0DB1226800E00022B7484178C068C6
:1086000002F08CFFB4481030C0788DF8000010B133
:10861000012802D004E0012000E000208DF80000D5
:10862000684603F06AF8AA4824380068019001A857
:1086300003F09CFC012003F04FFD03F051FD002DE1
:1086400002D02068283020607CBD30B5A14D0446A2
:108650006878A04200D8FFDF686800EBC40030BD36
:1086600070B59C4800252C46467807E02046FFF769
:10867000ECFF4078641C2844C5B2E4B2B442F5D1A2
:10868000284670BD2DE9F041054692484FF000089C
:10869000027A407A00EB420002B101221618FF2E46
:1086A00001D94FF013082868C01C20F003022A608B
:1086B00051EA080116D18748F3B20421203006F0B0
:1086C00079FD002418E0BCB1012C15D0022C15D086
:1086D000032C0FD0FFDFA74200D0FFDF641CE4B201
:1086E000042CF0D3286806EBC60100EB810028605B
:1086F000404675E5794802E0794800E0794806F09F
:1087000071FD0746E7E72DE9F047064671484FF04F
:1087100000088A464746454690F8019015E02846ED
:10872000FFF793FF040000D1FFDF60780322384495
:10873000C7B2A0881346001D81B280B204F03EFD8E
:1087400062786D1C00FB0288EDB24D45E7D13068C0
:10875000C01C20F003003060BAF1000F00D00020F0
:108760004246394604F038FD31680844306099E5E6
:108770005849303108710020C87070475549303170
:10878000CA782AB10A7801EB42110831814201D03E
:1087900001207047002070472DE9F041064600781F
:1087A000154600F00F0400201080601E0F460528BB
:1087B00000D3FFDF46482A46183800EB84003946CC
:1087C00050F8043C3046BDE8F04118472DE9F0412F
:1087D000404E0C46402806D041281CD0422824D0C8
:1087E000432804D11CE025786078A84201D90720ED
:1087F000F6E4FF2D08D812F00DF9074606F004FB49
:10880000381A801EA84201DA1220E9E4208830815B
:10881000A078B0720FE0BDE8F041084600F00DB856
:1088200008780228E3D8307605E008780228DED8F8
:108830000028DCD070760020D2E438B504464078B9
:1088400000F00300012803D002280BD0072038BD18
:10885000606858B1F8F73CFDD0B96068F8F72FFDB3
:1088600020B915E06068F8F7E6FC88B9694620464B
:10887000FBF75CFA0028EAD1607800F003000228D8
:1088800008D19DF8000028B16068F8F718FD08B11C
:10889000102038BD6189F8290DD8208988420AD86E
:1088A000607800F003020B48012A06D1D731C26973
:1088B00089B28A4201D2092038BD94E80E0000F145
:1088C0000C0585E80E000AB900218182002038BD20
:1088D000B0B101009402002024000020A11E00007D
:1088E000E988000013E9000070B50C46054600F069
:1088F00040FB21462846BDE8704001F024BC000042
:10890000F8B5DDE9065461B10F461E4604F01DFDC1
:10891000E41DA1B200912B463246394604F03EF9DF
:10892000F8BD10192A4619460FF048FF2846F8BD31
:1089300070B50D460446102200210FF05FFF25811F
:1089400017206081A07B40F00A00A07370BD4FF635
:10895000FF720A800146002006F0B0BC7047008913
:108960007047827BD30701D1920703D480890880A6
:108970000020704705207047827B920700D58181D7
:10898000704701460020098841F6FE52114200D08E
:108990000120704700B50346807BC00701D0052049
:1089A00000BD59811846FFF7ECFFC00703D0987B44
:1089B00040F004009873987B40F001009873002009
:1089C00000BD827B520700D509B14089704717204E
:1089D0007047827B61F3C302827370472DE9FC5FAD
:1089E0000E46044601789646012000FA01F14DF644
:1089F000FF5201EA020962684FF6FF7B1188594570
:108A000002D10920BDE8FC9FB9F1000F05D041F665
:108A1000FE55294201D00120F4E741EA0901118005
:108A20001D0014D000232B7094F800C005210322F0
:108A30001F464FF0020ABCF10E0F76D2DFE80CF0B1
:108A4000FA09252F47646B77479193B5D2D9042053
:108A5000D8E7616820898B7B9B0767D517284AD3A5
:108A60000B89834247D38989172901D3814242D197
:108A700085F800A0A5F801003280616888816068EF
:108A8000817B21F002018173C7E0042028702089D6
:108A9000A5F801006089A5F803003180BDE0208AB7
:108AA0003188C01D1FFA80F8414524D30620287064
:108AB0002089A5F801006089A5F80300A089A5F820
:108AC00005000721208ACDE90001636941E00CF02F
:108AD000FF00082810D0082028702089A5F8010080
:108AE0006089A5F8030031806A1D694604F10C0015
:108AF00006F095F810B15FE01020EDE730889DF8A2
:108B000000100844308088E00A2028702089A5F8E9
:108B10000100328045E00C2028702089A5F8010072
:108B20006089A5F8030031803BE083E065E021899E
:108B3000338800EB41021FFA82F843453CD3B8F179
:108B4000050F39D30E222A700BEA4101CDE900103E
:108B5000E36860882A467146FFF7D2FEA6F80080D7
:108B60005BE04020287061893288C91C03201FFA0D
:108B700081F8424520D329782A4621F03F0112315D
:108B800029702189A5F801106189CDE9001060885C
:108B90007146E368FFF7B4FEA6F800802878400627
:108BA0003BD461682089888037E0A0893288401DE5
:108BB0001FFA80F8424501D204273DE016202870B4
:108BC0002089A5F801006089A5F80300A089CDE9F6
:108BD000000160882A4671462369FFF791FEA6F8D6
:108BE0000080DEE718202870207A6870A6F800A0C0
:108BF00013E061680A88920401D405271CE0C98843
:108C00002289914201D0062716E01E21297030806A
:108C10006068018821F400510180B9F1000F0BD088
:108C2000002261887823104606F0ECFA616820780B
:108C3000887006E0338003276068018821EA090113
:108C400001803846DEE62DE9FF5F834618780E9CEA
:108C500017460D0000F03F064FEAD01C1AD0F0076F
:108C600001D0192E01D9012100E000212046FFF793
:108C7000A8FEA8420ED32088A0F57F41FF3909D075
:108C80001878400602D4BCF1000F05D0082004B0CB
:108C9000BDE8F09F0720FAE700208DF800008DF86E
:108CA0000100691EA81E4FF0010C4FF0050A4FF09D
:108CB00002098AB2202E76D2DFE806F08C10755EAB
:108CC0007569758D759D75B775BC75CA75D675E373
:108CD000757575F375F175F075EF758C052D79D196
:108CE0008DF80090A0788DF804005888ADF8060043
:108CF00018798DF80100587800F03F000C2829D031
:108D00000ADCA0F10200092864D2DFE800F0126357
:108D100015631A631D632000122824D004DC0E287A
:108D20001BD01028DBD11BE016281FD01828D6D165
:108D30001FE02078800701E020784007002849DA0A
:108D4000EEE020780007F9E72078C006F6E7207803
:108D50008006F3E720784006F0E720780006EDE78C
:108D60002088C005EAE720884005E7E7208800055D
:108D7000E4E72088C004E1E7207880072AD5032DA6
:108D800028D103208DF80000B3F8010082E021789B
:108D900049071FD5062D1DD381B25878012803D06D
:108DA000022817D102E0C8E0022000E010200422CF
:108DB0008DF800205A788DF80420801CB1FBF0F269
:108DC000ADF8062092B242438A4203D10397ADF830
:108DD0000890A5E07AE02078000777D588B281086E
:108DE0008DF800A0ADF80410B0EB810F6ED10297A2
:108DF000ADF806C094E02178C90667D5022D65D389
:108E000081B206208DF80000587802285ED300BF9A
:108E1000B1FBF0F28DF80400ADF8062092B24243A7
:108E20008A4253D1ADF8089079E0207880064DD57C
:108E3000072003E0207840067DD508208DF800004B
:108E4000A088ADF80400ADF80620ADF808C066E0D3
:108E5000207800066FD50920ADF804208DF80000B9
:108E6000ADF806C002975BE02188C90563D5022DE5
:108E700061D381B20A208DF80000587804285AD3B3
:108E8000C6E72088400556D5012D54D10B208DF81A
:108E90000000A088ADF8040042E021E026E016E0E2
:108EA000FFE72088000546D5052D44D30C208DF81A
:108EB0000000A088ADF80400B3F803006D1FADF802
:108EC0000850ADF80600ADF80AA028E033E020888D
:108ED000C00430D5012D2ED10D208DF800001FE0EB
:108EE0002088800427D4B3F80100E080A17B032010
:108EF000090720D5032D1ED31B2E18D00F218DF866
:108F00000010218841F40051A4F80010B3F80110BA
:108F1000ADF80410ED1EADF80650ADF8080003974B
:108F200069465846FBF7D4FE050008D013E00E2131
:108F30008DF80010EAE707250DE008250BE01B2E51
:108F400009D01D2E07D05946002006F0B7F9208819
:108F500000F400502080A07B400708D52046FFF792
:108F600010FDC00703D1A07B20F00400A0732846A9
:108F70008DE61FB5002806D101208DF8000088B2CB
:108F80006946FBF7A5FE1FBDF8B5DDE9065461B1E2
:108F90000F461E4604F0D9F9E41DA1B200912B46FC
:108FA0003246394603F0FAFDF8BD10192A46194633
:108FB0000FF004FC2846F8BD2DE9FF4F8DB09B460D
:108FC000DDE91B57DDF87CA00C46082B05D0E069D5
:108FD00001F002F950B11020D2E02888092140F0B8
:108FE000100028808AF80010022617E0E1690120AD
:108FF0008871E2694FF420519180E1698872E069DB
:1090000042F601010181E069002181732888112164
:1090100040F0200028808AF80010042638780A9052
:109020000A2038704FF0020904F118004D460C90E8
:1090300001F0CCFBB04681E0BBF1100F0ED1022D48
:109040000CD0A9EB0800801C80B20221CDE90010F1
:1090500005AB52461E990D98FFF796FFBDF8161006
:109060001A98814203D9FA4800790F9004E003D19D
:109070000A9808B138702FE04FF00201CDE90019CD
:109080000DF1160352461E990D98FFF77DFF1D98AE
:109090000088401B801B83B2C6F1FF00984200D2BB
:1090A00003461E990BA8D9B15FF00002DDF878C025
:1090B000CDE9032009EB060189B2CDE901C10F9882
:1090C0000090BDF8161000220D9801F010FC3870C9
:1090D00070B1C0B2832807D0BDF8160020833AE0F3
:1090E0000AEB09018A19E1E7022011B0BDE8F08F0F
:1090F000BDF82C00811901F0FF08022D0DD09AF85F
:109100000120424506D1BDF82010814207D0B8F1B8
:10911000FF0F04D09AF801801FE08AF80180CC4844
:1091200000680178052902D1BDF81610818009EB8D
:1091300008001FFA80F905EB080085B2DDE90C1084
:1091400005AB0F9A01F045FB28B91D980088411B1B
:109150004145BFF671AF022D13D0BBF1100F0CD1FA
:10916000A9EB0800801C81B20220CDE9000105AB0B
:1091700052461E990D98FFF707FF1D9805800020A5
:1091800038700020B1E72DE9F8438446089E002797
:10919000B06B88B3491F8CB2F18FA1F57F45FF3DBD
:1091A00005D04518AD882944891D8DB200E0002501
:1091B0002919B6F83C80083141451ED8284433F8B7
:1091C000011F20F8021B598820F8021B914620F845
:1091D000024B8046604604F0A6F80C21009123461D
:1091E0004246494603F0A6FCF587B16B00202944AE
:1091F000A41D2144088003E001E0092700E0832743
:109200003846BDE8F88310B50B88848F9C420CD992
:10921000846BE018048844B1848824F40044A41DBD
:1092200023440B801060002010BD0A2010BD2DE9E2
:10923000F0478AB00025904689468246ADF818501E
:1092400007274BE0059806888088000446D4A8F8D4
:10925000006007A8019500970295CDE903504FF4EF
:10926000007300223146504601F041FB04003CD11E
:10927000BDF81800ADF82000059804888188B44234
:1092800016D10A0414D401950295039521F40041E6
:109290000097049541F4804342882146504601F0EE
:1092A000C6F804000BD10598818841F40041818003
:1092B00005AA08A94846FFF7A6FF0400DCD00097DE
:1092C000059802950195039504950188BDF81C3019
:1092D0000022504601F0ABF80A2C06D105AA06A9D7
:1092E0004846FFF790FF0400ACD0ADF8185004E0FA
:1092F0000598818821F40041818005AA06A9484685
:10930000FFF781FF0028F3D00A2C03D020460AB0D3
:10931000BDE8F0870020FAE710B50C46896B86B0EF
:1093200051B10C218DF80010A18FADF80810A16B80
:1093300001916946FCF793FC00204FF6FF71A06392
:10934000E187A08706B010BD2DE9F0410D46074624
:10935000896B0020069E1446002911D0012B0FD1E5
:10936000324629463846FFF762FF002808D1002C14
:1093700006D0324629463846BDE8F04100F03BBFF2
:10938000BDE8F0812DE9FC411446DDE9087C0E467C
:10939000DDE90A15521DBCF800E092B2964502D2F2
:1093A0000720BDE8FC81ACF8002017222A70A5F840
:1093B0000160A5F803300522CDE900423B462A466C
:1093C000FFF7E2FD0020ECE770B50C461546482299
:1093D000002120460FF012FA04F1080044F81C0F97
:1093E00000204FF6FF71E06161842084A58417207E
:1093F000E08494F82A0040F00A0084F82A0070BD46
:109400004FF6FF720A800146012005F057BF30B5C4
:1094100085B00C460546FFF77FFFA18E284629B18F
:1094200001218DF800106946FCF719FC0020E0626C
:109430002063606305B030BDB0F84000704790F81D
:109440004620920706D4408808800020704700001C
:109450003C0000200620F9E790F846209207F5D559
:10946000A0F84410F2E70146002009880A0700D559
:10947000012011F0F00F01D040F00200CA0501D523
:1094800040F004008A0501D540F008004A0501D5E6
:1094900040F010000905D9D540F02000D6E700B50E
:1094A000034690F84600C00701D0062000BDA3F88F
:1094B00042101846FFF7D7FF10F03E0F05D093F883
:1094C000460040F0040083F8460013F8460F40F0D1
:1094D00001001870002000BD90F84620520700D50A
:1094E00011B1B0F84200B1E71720AFE710F8462FEE
:1094F00061F3C3020270A9E72DE9FF4F9DB00E0092
:109500002A9DDDE92D342878DDE92B7B00F03F082A
:109510004FEAD01C24D05FEAC87002D0B8F1190F0E
:1095200001D9012100E000212046FFF7D5FFB0421C
:1095300016D3287840060DD4B8F11E0F0DD0208820
:1095400010F47F6F0CD1398851B1A0F57F41FF39FC
:1095500006D002E0B8F1120F02D1BCF1000F02D028
:10956000042021B0C2E5F9491F984FF0000A0871A4
:109570008DF818A08DF83CA00FAA0A609946062223
:10958000701F5B1C04F1180CADF81CA0ADF850A0C6
:10959000CDF85CC0B8F11F0F7ED2DFE808F07D7D0A
:1095A000107D237DAE7DF77DF67DF57DF47DF77D25
:1095B000F37D7D7DF27DF17D7D7D7D7DF00094F8F4
:1095C0004610B5F80100890767D5032E65D14FF421
:1095D0000061ADF85010608003218DF83C10ADF8AB
:1095E0004000DBE2052EF1D1B5F801002083ADF893
:1095F0001C00B5F80310618300286FD088426DD835
:109600000020A07220814FF6FF702084179801F08F
:10961000DDF8052089F8000002200390804609ABA0
:109620001F9A17991D9801F0D4F820B15EE000BF91
:109630008DF81800F3E29DF82A00012804D00220DA
:1096400089F80100102003E0012089F801000220C0
:109650001590002202A90AA805F0E1FAE8BB9DF8DE
:109660000800159981423ED13A88801CA2EB08017E
:10967000814238DB03990220CDE900010DF1260378
:109680004A4659461D98FFF77FFC039808F10208E7
:10969000801C81B218AA01E0A0E2B1E0039102A906
:1096A0000AA805F0BCFA03999DF80800CDE900016D
:1096B00018AB4A4659461D98FFF766FC9DF808000E
:1096C00009AB08EB00011FFA81F803991F9A0844BF
:1096D00080B2039017991D9801E004E091E001F039
:1096E00078F80028B5D0B8F1020F03D10A208DF820
:1096F000180050E2A7F800804DE200210391072EE8
:109700007ED3B5F801002083ADF81C00B5F8032026
:109710006283002875D0904273D84FF0010884F816
:109720000A80B5F8050020810020A073E06900F0F0
:1097300053FD80B9E16942F6010081F80680E269D3
:109740004FF420519180E16981F80A80E169088134
:10975000E16900208873F01F208420984FF00708EB
:109760006062A4F82280179801F030F889F8008030
:109770000120804604900020ADF826002AE01AE27D
:10978000A0E134E1E4E013E2A7E07FE049E000BFBC
:10979000B8F1010F15D0E0698079012803D1BDF837
:1097A0002400ADF80E0004990420CDE9000103ABBC
:1097B0004A4659461D98FFF7E7FB0498001D80B202
:1097C0000490BDF82600ADF80C00ADF80E00059829
:1097D0001FFA80F809AB1F9A17991D9800F0F9FF3E
:1097E00028B9398808F1040005908142D0D2B8F137
:1097F000010F3FF41BAFE0698079012806D101E039
:1098000092E01DE0BDF82400ADF80E00049904209C
:10981000CDE9000103AB4A4659461D98FFF7B4FB5A
:1098200068E7072E01D0152E7ED1B5F801102183EF
:10983000ADF81C10B5F80320628309B1914201D93B
:109840000120F5E60121A17200212181A173052EDD
:1098500007D0C0B2691DE26905F0DFF900287FF486
:10986000E5AE4FF6FF70208406AA14A90020CDF8BB
:1098700014908DE88708434621461F9A1D98FFF7EC
:109880009BFB8246208BADF81C0084E10120032E57
:10989000CAD14021ADF85010B5F801102183ADF8C0
:1098A0001C1009AABBF1000F00D00023CDE9020370
:1098B000CDF804B01F980492009038880022401E12
:1098C00083B21D9801F013F88DF8180068BB0B20C7
:1098D00089F80000BDF8240036E04FF0010C052E99
:1098E000A2D18020ADF85000B5F801102183B5F861
:1098F00003002084ADF81C10B0F5007F01D90720CB
:1099000096E640F47C4222840BA8BBF1000F00D005
:109910000023CDE90330CDE901BC1F9800903888C1
:10992000401E83B21D9801E096E004E000F0DFFFE6
:109930008DF8180018B18328A7D10220C0E00D21AE
:1099400089F80010BDF82C00401C23E13C000020E9
:109950004FF00308032E04D2287840067CD500205F
:1099600018E1B5F80110ADF81C102878400602D5B2
:109970008DF83C2002E007208DF83C00209B4FF042
:10998000000B01931F980090F01ECDE9028BCDF8DB
:1099900010B083B20A905A461D9800F048FD8DF829
:1099A00018008DF83CB0297849060DD52088C005EF
:1099B00006D5208BBDF81C10884201D1C4F824B014
:1099C00058468DF818B0E5E0832801D14FF0020A1F
:1099D0004FF48070ADF85000BDF81C0020830A9849
:1099E000208420986062A4F822801321CFE0052E05
:1099F00032D3B5F80110ADF81C10A28F6AB3A2F5EE
:109A00007F43FE3B2AD008228DF83C20DDF880C041
:109A10004FF000080523CDE90238CDF804C0CDF899
:109A200010801F9A80B240F400430092B5F80320E2
:109A30001D9800F0FCFC8DF83C804FF400718DF80F
:109A40001800ADF85010832812D008B3A18FA1F5EB
:109A50007F40FE3809D0E2E0DCE0FFE70B228DF822
:109A60003C204FF6FE72A287D0E7A4F83C80D6E0F7
:109A70002B4600943146209A1D98FFF784FB8DF801
:109A8000180008B183284BD1BDF81C00208354E78F
:109A90002B4600943146209A1D98FFF774FB8DF8F1
:109AA0001800E8BBE18FA06BCDF80C900844831D33
:109AB0008DE888084388828801881D98FFF762FC3A
:109AC000824668E095F80180022E70D15FEA0800B6
:109AD00002D0B8F1010F6AD109208DF83C0007A827
:109AE00000908DF840804346002221461D98FFF7E4
:109AF0002BFC8DF842004FF0000B8DF843B050B9AD
:109B0000B8F1010F12D0B8F1000F04D1A18FA1F567
:109B10007F40FF380AD0A08F40B18DF83CB000E004
:109B200039E04FF48060ADF850000DE00FA91D98AA
:109B3000FCF795F882468DF83CB04FF48060ADF8A4
:109B40005000BAF1020F06D0FD480068C07928B174
:109B50008DF8180027E0A4F8188044E0BAF1000F4F
:109B600003D081208DF818003DE007A800904346FF
:109B7000012221461D98FFF7E7FB8DF818002146CA
:109B80001D98FFF7C9FB9DF8180020B9192189F825
:109B90000010012038809DF83C0020B10FA91D98CD
:109BA000FCF75DF88246BAF1000F35D01BE018E0F3
:109BB0008DF8182033E02078000712D5012E10D13F
:109BC0000A208DF83C00E088ADF8400001201D9986
:109BD00005F074FB0820ADF85000C0E62878400678
:109BE00018D54FF0040A2088BDF850100843208093
:109BF000BDF8500080050BD5A18FA1F57F40FE3840
:109C000006D12098E0622A982063A6864FF0030AC6
:109C10005046A6E404200BE59DF8180078B1012019
:109C200089F80000297889F80110BDF81C10A9F8FE
:109C300002109DF8181089F804100520388020883B
:109C4000BDF8501088432080E2E72DE9FF4F884699
:109C5000087895B0012181404FF20900249C014011
:109C6000ADF820102088DDF88890A0F57F424FF0F5
:109C7000000AFF3A06D039B1000705D5012019B016
:109C8000BDE8F08F0820FAE7239E4FF0000B0EA8E6
:109C900086F800B018995D460988ADF83410A849D7
:109CA0008DF81CB0179A0A718DF838B0086098F8D2
:109CB000000001283BD0022809D003286FD130785A
:109CC00020F03F001D303070B8F80400E08098F8B4
:109CD00000100320022904D1317821F03F011B310B
:109CE000317094F84610090759D505ABB9F1000F4A
:109CF00013D0002102AA82E80B000720CDE9000959
:109D0000BDF83400B8F80410C01E83B200221598C4
:109D100000F0EDFD0028D1D101E0F11CEAE7B8F830
:109D20000400A6F80100BDF81400C01C04E198F876
:109D300005108DF81C1098F80400012806D04FF487
:109D4000007A02282CD00328B8D16CE12188B8F819
:109D5000080011F40061ADF8201020D017281CD3A2
:109D6000B4F84010814218D3B4F84410172901D335
:109D7000814212D1317821F03F01C91C3170A6F81F
:109D800001000321ADF83410A4F8440094F8460013
:109D900020F0020084F8460065E105257EE177E1C8
:109DA000208808F1080700F4FE60ADF8200010F0EC
:109DB000F00F1BD010F0C00F03D03888228B9042D8
:109DC000EBD199B9B878C00710D0B9680720CDE9B0
:109DD00002B1CDF804B00090CDF810B0FB88BA887D
:109DE0003988159800F023FB0028D6D12398BDF8B8
:109DF0002010401C80294ED006DC10290DD02029CF
:109E00000BD0402987D124E0B1F5807F6ED0514539
:109E10007ED0B1F5806F97D1DEE0C80601D508206D
:109E200000E0102082460DA907AA0520CDE90221F5
:109E30008DF83800ADF83CB0CDE9049608A9388813
:109E4000CDE900015346072221461598FFF7B4F8E3
:109E5000A8E09DF81C2001214FF00A0A002A9BD19E
:109E600005ABB9F1000F00D00020CDE902100720AA
:109E7000CDE90009BDF834000493401E83B2218B64
:109E80000022159800F033FD8DF81C000B20307077
:109E9000BDF8140020E09DF81C2001214FF00C0AB1
:109EA000002A22D113ABB9F1000F00D00020CDE978
:109EB00002100720CDE900090493BDF83400228C7C
:109EC000401E83B2218B159800F011FD8DF81C0007
:109ED0000D203070BDF84C00401CADF8340005205A
:109EE0008DF83800208BADF83C00BCE03888218B21
:109EF00088427FF452AF9DF81C004FF0120A0028F0
:109F00001CD1606AA8B1B878C0073FF446AF00E042
:109F100018E0BA680720CDE902B2CDF804B000908D
:109F2000CDF810B0FB88BA88159800F080FA8DF84B
:109F30001C00132030700120ADF8340093E00000C5
:109F40003C0000203988208B8142D2D19DF81C0032
:109F50004FF0160A0028A06B08D0E0B34FF6FF7050
:109F600000215F46ADF808B0019027E068B1B978EC
:109F7000C907BED1E18F0DAB0844821D03968DE861
:109F80000C0243888288018809E0B878C007BCD0F9
:109F9000BA680DAB03968DE80C02BB88FA88159859
:109FA000FFF7F0F905005ED0072D72D076E0019042
:109FB00005AA02A92046FFF726F90146E28FBDF85F
:109FC0000800824201D00029F1D0E08FA16B084443
:109FD00007800198E08746E09DF81C004FF0180AC2
:109FE00040B1208BC8B13888208321461598FFF7EF
:109FF00093F938E004F118000090237E01222146F5
:10A000001598FFF7A1F98DF81C000028EDD1192053
:10A0100030700120ADF83400E7E70525214615989A
:10A02000FFF77AF93AE0208800F40070ADF82000DC
:10A0300050452DD1A08FA0F57F41FE3901D00625D6
:10A040002CE0D8F808004FF0160A48B1A063B8F821
:10A050000C10A1874FF6FF71E187A0F800B002E075
:10A060004FF6FF70A087BDF8200030F47F611AD052
:10A07000782300220120159905F0C4F898F8000013
:10A0800020712088BDF82010084320800EE000E0F9
:10A0900007252088BDF8201088432080208810F4F0
:10A0A0007F6F1CD03AE02188814321809DF83800E1
:10A0B00020B10EA91598FBF7D2FD05469DF81C00AE
:10A0C0000028EBD086F801A001203070208B708032
:10A0D0009DF81C0030710520ADF83400DEE7A18E3C
:10A0E000E1B118980DAB0088ADF834002398CDE9A4
:10A0F0000304CDE90139206B0090E36A179A1598A3
:10A10000FFF7FAF9054601208DF838000EA91598D9
:10A11000FBF7A5FD00B10546A4F834B094F846005D
:10A1200040070AD52046FFF79EF910F03E0F04D1F4
:10A1300014F8460F20F0040020701898BDF8341071
:10A14000018028469BE500B585B0012806D1022094
:10A150008DF8000088B26946FBF781FD05B000BDAF
:10A1600010B5384C0B782268012B02D0022B2AD173
:10A1700011E013780BB1052B01D104231370236870
:10A180008A889A802268CB88D38022680B891381C1
:10A19000498951810DE08B8893802268CB88D380D8
:10A1A00022680B8913814B8953818B8993810969BB
:10A1B00011612168FBF753FD22680021022811700C
:10A1C00003D0002800D0812010BD832010BD806BFB
:10A1D000002800D0012070478178012909D100882A
:10A1E000B0F5205F03D042F60101884201D1002082
:10A1F000704707207047F0B587B0002415460E461B
:10A200000746ADF8184011E00598008828800598A9
:10A210000194811DCDE902410721049400918388B6
:10A2200042880188384600F002F930B905AA06A92B
:10A230003046FEF7E8FF0028E6D00A2800D10020CB
:10A2400007B0F0BD3C00002010B58B7883B10278D8
:10A250009A4205D10B885BB102E08B79091D4BB1A5
:10A260008B789A42F9D1B0F801300C88A342F4D12E
:10A27000002010BD812010BD072826D012B1012A70
:10A2800027D103E0497801F0070102E04978C1F3E2
:10A29000C20105291DD2DFE801F00318080C1200E5
:10A2A0000AB1032070470220704704280DD250B134
:10A2B0000DE0052809D2801E022808D303E00628F5
:10A2C00003D0032803D005207047002070470F20DB
:10A2D000704781207047C0B282060BD4000607D5B4
:10A2E000F648807A4143C01D01EBD00080B2704730
:10A2F000084670470020704770B513880B800B78B4
:10A300001C0625D5ED4CA47A844204D843F01000F5
:10A310000870002070BD956800F0070605EBD005B9
:10A320002D78F54065F304130B701378D17803F0A2
:10A33000030341EA032140F20123B1FBF3F503FBE0
:10A3400015119268E41D00FB012000EBD40070BDE4
:10A35000906870BD37B51446BDF8041011801178AF
:10A3600041F0040111709DF804100A061ED5D34A6D
:10A37000A368C1F30011927A824208D8FE2811D155
:10A38000D21DD208494218460EF038FA0AE003EB13
:10A39000D00200F00703012510789D40A8439940A2
:10A3A00008431070207820F0100020703EBD2DE989
:10A3B000F0410746C81C0E4620F00300B04202D010
:10A3C0008620BDE8F081BD4D002034462E60AF8070
:10A3D0002881AA72E8801AE0E988491CE980810690
:10A3E00014D4E17800F0030041EA002040F201219A
:10A3F000B0FBF1F201FB12012068FFF76CFF298925
:10A40000084480B22881381A3044A0600C34207887
:10A410004107E1D40020D4E7A84801220189C0887F
:10A4200000EB400002EB8000084480B270472DE949
:10A43000FF4F89B01646DDE9168A0F46994623F488
:10A440004045084600F053FB040002D02078400746
:10A4500003D401200DB0BDE8F08F099802F0FAFD99
:10A4600002902078000606D59448817A02988142AD
:10A4700001D88720EEE7224601A90298FFF73CFFAA
:10A48000834600208DF80C004046B8F1070F1AD023
:10A4900001222146FFF7F0FE0028DBD1207840069C
:10A4A00011D502208DF80C00ADF81070BDF8040035
:10A4B000ADF81200ADF814601898ADF81650CDF84C
:10A4C0001CA0ADF818005FEA094004D500252E460F
:10A4D000A84601270CE02178E07801F0030140EA6A
:10A4E000012040F20121B0FBF1F2804601FB12870E
:10A4F0005FEA494009D5B84507D1A178207901F034
:10A50000030140EA0120B04201D3BE4201D9072035
:10A51000A0E7A8191FFA80F9B94501D90D2099E7DC
:10A520009DF80C0028B103A90998FBF796FB0028B9
:10A5300090D1B84507D1A0784FEA192161F3010005
:10A54000A07084F804901A9800B1058019985146BB
:10A5500050EA0A0028D0199830B10BEB06002A46C1
:10A5600019990EF02BF90FE00BEB06082E460F465B
:10A57000189D099802F0D7FEED1DA9B2009133464F
:10A580004246394602F0D6FA224601A90298FFF760
:10A59000B3FE9DF80400224620F010008DF8040060
:10A5A000DDE90110FFF7D6FE002053E72DE9FF4F4C
:10A5B000DFF80891824685B0B9F80610D9F8000096
:10A5C00001EB410100EB810440F20120B2FBF0F10C
:10A5D000174600FB1175DDE9138B4E462946069898
:10A5E000FFF779FE0346FFF717FF1844B1880C30D8
:10A5F000884202D9842009B02DE70698C6B23006F9
:10A6000003D5B00601D50620F5E7B9F80620521C9F
:10A6100092B2A9F80620BBF1000F01D0ABF80020E0
:10A62000B00602D5C4F808800AE0B9F808201A4438
:10A6300092B2A9F80820D9F80000891A0844A0604D
:10A640002246FE200699FFF785FEE77025712078E7
:10A65000390A61F301002A0AA17840F0040062F38C
:10A660000101A17020709AF802006071BAF8000030
:10A67000E08000252573300602D599F80A7000E0C5
:10A680000127B00601D54FF000084E4600244FF0D8
:10A6900007090FE0CDE902580195CDF80090049527
:10A6A000F1882046129B089AFFF7C1FE0028A2D12C
:10A6B000641CE4B2BC42EDD300209CE7B00400204F
:10A6C00000B5FFF7A9FEFE490C308A88904201D9F7
:10A6D000842000BDCA88086802EB420300EB8300B7
:10A6E000521C037823F004030370CA800021017315
:10A6F000084600BD2DE9F047804600F0F8F9070054
:10A7000005D000264446EE4D40F2012916E0012016
:10A71000BDE8F087204600F0EAF90278C17802F03F
:10A72000030241EA0222B2FBF9F309FB132100689C
:10A73000FFF7D1FD3044641C86B2A4B2E988601EE4
:10A740008142E7DCA8F10100E8802889801B28818C
:10A7500000203870DCE710B5144631B1491E218065
:10A7600002F078FCA070002010BD012010BD70B573
:10A770000446D348C188036801E0401C208020883B
:10A78000884207D200EB400213EB820202D0157818
:10A790006D07F2D580B2884216D2AAB15079A07264
:10A7A000D08820819178107901F0030140EA0120DE
:10A7B000A081A078E11CFFF79FFD20612088401C4C
:10A7C0002080E080002070BD0A2070BD0121018240
:10A7D00070472DE9FF4F85B04FF6FF798246A3F809
:10A7E000009048681E460D4680788DF80E00486837
:10A7F0000088ADF80C0000208DF81200088A0C8843
:10A80000A04200D304462C824DE03878400708D49B
:10A81000641C288AA4B2401C288208F10100C0B23E
:10A8200042E0288A401C2882781D6968FFF70CFDE9
:10A83000B8BB3188494501D1601E30803088A0EB1B
:10A84000080030806888A04234D3B978387901F0A4
:10A85000030140EA012803A9781DFFF7F5FC00BBBE
:10A86000298949452AD0002239460798FFF704FD77
:10A87000B8B92989414514D1E8680290B8680190B7
:10A88000B5F80AB0504602F04EFD84460BF10700C1
:10A8900080B20090DDE901214346604602F014F9E0
:10A8A00060B1641CA4B200208046204600F01FF96D
:10A8B0000700AAD1641E2C820A209CE67480787955
:10A8C000B071F888B0803978F87801F0030140EA77
:10A8D00001207081A6F80C80504602F0BBFB3A467E
:10A8E00006F10801FFF708FD3061002083E62DE93D
:10A8F000FF4F87B080461C469146DDF860B0DDF81A
:10A9000054A0089800F0F3F8050002D0287840071A
:10A9100002D401200BB09EE5404602F09BFB297853
:10A92000090605D56649897A814201D88720F1E771
:10A93000C9F309062A4601A9FFF7DEFC0746149869
:10A9400007281CD000222946FFF796FC0028E1D1F9
:10A950002878400613D501208DF808000898ADF836
:10A960000C00BDF80400ADF80E00ADF81060ADF8B5
:10A97000124002A94046FBF770F90028CAD1297895
:10A98000E87801F0030140EA0121AA78287902F071
:10A99000030240EA02204E4507D0B1F5007F04D9FA
:10A9A000611E814201DD0B20B4E7864201D90720F8
:10A9B000B0E7801B85B2A54200D92546BBF1000F48
:10A9C00001D0ABF80050179818B1B9192A460DF00C
:10A9D000F5FEBAF1000F0ED03E442F4640465446D5
:10A9E000169D02F0B2FCED1DA9B200913B46324625
:10A9F000214602F0D3F800208CE72DE9F04107460C
:10AA00001D461646084600F072F8040002D0207871
:10AA1000400701D40120D4E4384602F01BFB217822
:10AA2000090605D52649897A814201D88720C8E4DC
:10AA300022463146FFF760FC65B12178E07801F0ED
:10AA4000030140EA0120B0F5007F01D8012000E0B9
:10AA5000002028700020B4E42DE9F04107461D468F
:10AA60001646084600F043F8040002D0207840075C
:10AA700001D40120A5E4384602F0ECFA2178090659
:10AA800005D50F49897A814201D8872099E4224669
:10AA90003146FFF75FFCFF2D17D02178E07801F0F9
:10AAA000030240EA022040F20122B0FBF2F302FB73
:10AAB000130015B900F2012080B2E070000A01E035
:10AAC000B004002060F301012170002079E410B58A
:10AAD0000C4600F00CF810B10178490701D40120B0
:10AAE00010BDC18821804079A070002010BD0849A8
:10AAF000CA88824209D340B1096800EB40006FF078
:10AB00000B0202EB800008447047002070470000F1
:10AB1000B004002010B504F088FDF8F767F804F0E1
:10AB200025FCBDE8104004F0B7BC0E4A202801D235
:10AB30004FF0A042012300F01F00834011B1C2F882
:10AB40000C357047C2F8083570470649202801D2F5
:10AB50004FF0A04100F01F0001228240C1F81825EB
:10AB6000704700000003005070B503460020024605
:10AB70006FF02F050EE09C5CA4F130060A2E02D384
:10AB80004FF0FF3070BD00EB800005EB4000521C21
:10AB90002044D2B28A42EED370BD30B50A230BE016
:10ABA000B0FBF3F403FB1404B0FBF3F08D18303466
:10ABB000521E05F8014CD2B2002AF1D130BD30B599
:10ABC00000234FF6FF7510E0040A44EA002084B227
:10ABD000C85C6040C0F30314604005EA00344440A0
:10ABE000E0B25B1C84EA40109BB29342ECD330BDD0
:10ABF00070B514460B880122A240134207D11343BB
:10AC00000B8001230922011D02F0F6F8047070BDCB
:10AC10002DE9F84F8946DDE90A7B09789A46904686
:10AC2000490726D402F091FB040000D1FFDF3E1D4E
:10AC30002046B1B201F0E4FC050000D1FFDF204660
:10AC400029466A4601F030FF0098B6B2A0F80370BA
:10AC5000A0F805A0284601F0D5FF017868F30601A9
:10AC60006BF3C71101702046314601F00CFD00B9AD
:10AC7000FFDF09EB0801087E401C0876BDE8F88F6D
:10AC80002DE9F84F0E46984692460746032102F0FA
:10AC900017FA0446808CDFF8E094002518B199F883
:10ACA0000000B04224D1384602F04FFB070000D12B
:10ACB000FFDF0AF10401384689B201F0A1FC05006A
:10ACC00016D0384629466A4601F0EEFE009800216B
:10ACD00020F8021B00F8011BC8F8000002210098B0
:10ACE00007F093F9D8F80000001DC8F8000021E033
:10ACF00099F80000B04216D104F1220734F8301F51
:10AD0000012000FA06F811EA080F00D0FFDF2088C2
:10AD1000012340EA080020800922391D384602F04C
:10AD200086F8067006E0324604F1300104F1220094
:10AD3000FFF75EFF092189F8001028469EE7FEB55F
:10AD400014460D460622064602AB1146FFF798FF51
:10AD5000002812D0029B132000211870A878587088
:10AD6000022058809C800620CDE900010246052380
:10AD700029463046FFF74CFF0120FEBD10B50446C2
:10AD8000032102F09DF90146028A2046BDE81040E9
:10AD9000D5E72DE9FE43814650781646884640B1F6
:10ADA000FFDF3168C8F804107168C8F80810BDE802
:10ADB000FE83B778022417B1022F13D0FFDF251DC1
:10ADC0002A4602AB07214846FFF75AFF0028E8D081
:10ADD00002980121022F01703178417044808780F0
:10ADE00002D005E00624EAE7B188C180F18801813C
:10ADF0000024CDE900540523072241464846FFF7C9
:10AE000007FF88F80440D2E710B50446032102F09A
:10AE100057F90146021D2046BDE81040B9E7D64A61
:10AE2000002009211170704770B50C461546342278
:10AE3000002120460DF0E2FC012060700922002173
:10AE400004F118000DF0DAFC05B9FFDF297820784D
:10AE500061F30100207070BD70470020704700B59D
:10AE6000FFDF002000BD2DE9FC410C461E461746C1
:10AE70008046032102F024F90546092C0AD2DFE8B6
:10AE800004F005050505050509090700042303E08D
:10AE9000062301E0FFDF0023CDE9007622462946A4
:10AEA0004046FFF7B5FEBDE8FC8138B50546A0F584
:10AEB0007F40FF381CD0284602F035FA040000D14C
:10AEC000FFDF204601F0CDFD002810D001466A4684
:10AED000204601F0E9FD00980321B0F8054028461E
:10AEE00002F0EEF8052C03D1007908B1002038BD3E
:10AEF000012038BDF8B50446408802F014FA050078
:10AF000000D1FFDF6A462846616800F0E3F8014699
:10AF10000098091F8BB230F8032F028042884280CC
:10AF2000018899420CD1042A0BD0052A19D0062A8F
:10AF300006D1636864880A46011D2046F8F72BFC99
:10AF4000F8BD001D0E460546014622463046FAF77A
:10AF500076F90828F4D1224629463046FBF7E9F96C
:10AF6000F8BD2246001D00F0C5F8F8BD70B50D46CD
:10AF70000646032102F0A4F8040004D0207800075C
:10AF800004D4082070BD43F2020070BD2A46214659
:10AF90003046FFF7D4FE00B92582207820F0080063
:10AFA0002070002070BD2DE9F04F0E4691B0804614
:10AFB000032102F085F80446404602F0C6F9074630
:10AFC0000020079008900990ADF830000A90029098
:10AFD0000390049004B9FFDF0DF10809FFB9FFDF0A
:10AFE0001DE038460BA9002201F0FEFB9DF82C0065
:10AFF00000F07F05092D00D3FFDF6019017E491E97
:10B0000001769DF82C00000609D52A460CA907A850
:10B01000FFF7EEFD19F80510491C09F80510761E1A
:10B02000F6B2DED204F13000534D04F1220BDFF80A
:10B030004CA104F12607069010E05846069900F04E
:10B040004BF806462870092800D3FFDF5AF826106F
:10B0500040468847608CC05DB04202D0A08C00287A
:10B06000EBD109202870454D4E4624350EE00CA941
:10B0700007A800F031F80446375D55F8240000B900
:10B08000FFDF55F82420394640469047BDF81E00A2
:10B090000028ECD111B0BDE8F08F10B5032102F00B
:10B0A0000FF8040000D1FFDF0922002104F118008D
:10B0B0000DF0A4FB207840F00400207010BD10B506
:10B0C0000C46032101F0FCFF2044007E002800D044
:10B0D000012010BD01F0E8BC10B50C460123092287
:10B0E000011D01F0BFFE00782188012282409143BA
:10B0F000218010BD70B50E46044686B015465088B6
:10B10000032101F0DDFF014600208DF80000042E30
:10B1100009D36278002A06D02278012A03D0122AA5
:10B1200003D0132A03D106B070BD0C2E09D00390B2
:10B13000049060788DF80C00688803AAFFF729FE58
:10B14000F1E70878012240F0080008706078887004
:10B150008DF80020A088ADF80200E088ADF804006A
:10B160002089ADF806006089ADF8080068882A4695
:10B170006946F6F79AFED6E744000020D4B10100F4
:10B180002DE9FC470C460646694600F021F90028E7
:10B190006DD14FF0010A07F008F8B04267D02146A0
:10B1A00030460AF0E5F800285ED1019D95F8E000F0
:10B1B000483518B9287F08B1012000E000208146F9
:10B1C00095F83F004FF00008B8B195F840008007AF
:10B1D00013D584F8018084F800A084F80480A4F8D2
:10B1E000056095F84110E171B5F842102181B5F87C
:10B1F0004410618185F83F8036E0304602F0A5F8C2
:10B20000070000D1FFDF384601F0C8FA40B184F8EA
:10B2100001800F212170E680208184F804A023E0C2
:10B22000304602F080F8070000D1FFDFB9F1000FCF
:10B230001DD0384601F009FBC8B10198D0F8F000E4
:10B240004188B14201D180F80080304605F061F9B3
:10B2500084F801800C21217084F80480A4F8056032
:10B26000697FE17185F81C800120BDE8FC87002022
:10B27000FBE770B5044606F071FFB0B120781728DF
:10B2800011D1207901280ED1E088062101F018FFA4
:10B29000040008D0208805F03CF92088062101F040
:10B2A00021FF00B1FFDF012070BD4F4D287800283D
:10B2B000FAD0002666701420207020223146201D0E
:10B2C0000DF09CFA022020712E70ECE72DE9FC4174
:10B2D00004460F46062001F09FFE00260546B046B4
:10B2E000074417E02088401C80B22080B84202D377
:10B2F0004046A4F8008080B2A84204D3B84202D2EB
:10B300000020BDE8FC81694600F062F80028F8D012
:10B31000761CF6B2B742E5D84FF6FF7020801220B7
:10B32000EFE72DE9FF47060000D1FFDF2E4802219D
:10B3300010308146FFF7CAFF00B1FFDF2A4D06201B
:10B340002F8A01F069FE04464FF00008288AA042C7
:10B3500003D13046FFF78DFF02E03146FFF710FFC3
:10B3600018B3A87DC0071CD130781B2819D1B0882C
:10B37000ADF8000002A900F02BF800B1FFDF039840
:10B3800010F8381F8DF8021040788DF80300ADF8E2
:10B3900004800221684600F032F80028D6D0FFDF92
:10B3A000D4E7012004B0BDE8F08702214846FFF74A
:10B3B0008DFF10B9288AB842C8D1304605F022FC6A
:10B3C0000028EED130460AF010FC0028E9D1E9E768
:10B3D00010B50C46062101F073FE606010B100202C
:10B3E000207010BD022010BDBC0400200846FD499D
:10B3F000097B11B1416808F0A7BB012070472DE916
:10B40000F04385B0884604460088694600F0FFFE98
:10B4100000282CD10198012690F80C5190F8551075
:10B4200048301E2900D13DB1002746300821814611
:10B4300000F065FE10B107E00127F6E70B21484652
:10B4400000F05DFE00B98FB103AB02AA2146684649
:10B4500000F0FDFE07000AD19DF80000019948B1F7
:10B4600001F5BC74667000264DB906E01A2005B0DF
:10B47000BDE8F08301F1FC04F4E7207808B13A2735
:10B4800011E0049684F800809DF80800A0709DF8F3
:10B490000C20E2708DF810008DF811209DF800004E
:10B4A00004AA06F0E1FB66703846E0E770B505F0E7
:10B4B000A1F805F0D6FECB4C4FF6FF760025E681CD
:10B4C0002682C9A02570CA49C94B026800790E3B83
:10B4D00001F8015BC3F80F20D874C5480AF072F870
:10B4E00005F043F9A07405F040F9E07403206070A2
:10B4F000A0701B20A4F80300A4F8050040F6A66085
:10B50000A060BC4805704680B948801F0570B948E6
:10B51000303005704680A575257370BD70B5B44C8C
:10B5200015460E3C6060217004F0F2FF00F07BFED7
:10B53000FFF7BCFF0AF0BEF9207808F01CFAAD480E
:10B54000283806F076FF2178606809F0B1FF20788E
:10B5500005F01AF9294620780AF0F9FABDE870409A
:10B5600005F07FBE10B500F0F1FD08B10C2010BD54
:10B5700005F0B2FE002010BD10B50446007818B1E9
:10B58000012801D0122010BD00F0D5FD20B105F03A
:10B590004FFF08B10C2010BD207800F0A9FDE21D7E
:10B5A00004F11703611CBDE8104005F0EDBE10B5B5
:10B5B000044600F0CBFD08B10C2010BD207818B176
:10B5C000012801D0122010BD00F092FD611C05F091
:10B5D0005DFE08B1002010BD072010BD10B5008829
:10B5E00005F02AFF08B1002010BD302010BD10B5B5
:10B5F000044600F0A0FD08B10C2010BD207800F03A
:10B60000010005F011FF002010BD10B500F093FD02
:10B6100020B105F00DFF08B10C2010BD05F0F6FEBD
:10B62000002010BD0B2181704FF48971A0F8031028
:10B630006F490E3949680A7842718A88C280498800
:10B64000018101214170002070471CB50024022AAD
:10B6500019D015DC12F10C0F15D009DC12F1280FEE
:10B6600011D012F1140F0ED012F1100F0FD10AE009
:10B6700012F1080F07D012F1040F04D03AB902E01A
:10B68000D31E052B03D8012804D0022806D012248B
:10B6900020461CBD104606F097FEF9E70846144602
:10B6A000694600F0B4FD08B10224F1E7019880F882
:10B6B0003F400024ECE710B51346012206F0A4F940
:10B6C000002010BD10B5044608F097FB052804D0F3
:10B6D000204608F096FB002010BD0C2010BD10B5D0
:10B6E0000446002000F03DFD28B12146002004F072
:10B6F00082FF002010BD0C2010BD10B5044608F0DC
:10B700008FF920B1207807F035F8002010BD0C200B
:10B7100010BD10B50446012000F023FD28B12146DC
:10B72000012004F068FF002010BD0C2010BD38B5CA
:10B7300004464FF6FF70ADF80000A079E179884229
:10B7400006D0112904D2112802D2207A072801D963
:10B75000122038BD08F051FB48B900216846FFF7B8
:10B76000B5FD20B1204603F0A8FF002038BD0C2015
:10B7700038BD2DE9FC41817804461A2925D00EDC1C
:10B78000162939D2DFE801F038383838382138380E
:10B7900038383838383838383838382121212A298B
:10B7A0002AD00BDCA1F11E010C2925D2DFE801F023
:10B7B00024242424242424242424240D3A39042950
:10B7C0001AD2DFE801F0190219022088B0F5706F73
:10B7D00012D20127694600F01AFD78B10220BDE8B7
:10B7E000FC810000BC040020FFFFFFFF1F000000E1
:10B7F00056000020FC0400201220F0E7019D68465E
:10B800002E46EC35ED3600F000FD08B1287808B181
:10B810000C20E4E72F70A07830700020DFE77CB5C3
:10B820000C4605460088694600F0F1FC002220B174
:10B8300062602272628002207CBD01990846483114
:10B8400081F84820C3686360037C23722B8863807F
:10B8500091F84830002BF3D100207CBD10B5044690
:10B8600000F069FC20B105F0E3FD08B10C2010BD2B
:10B87000207800F03DFCE279611C05F0EDFE08B196
:10B88000002010BD022010BD10B50446808828B1EC
:10B89000012803D0022801D0122010BDE07800F06A
:10B8A00036FD40B1A07800F032FD20B12046BDE861
:10B8B00010400121A3E5112010BD1CB50C466946BE
:10B8C00000F0A5FC002804D10198B0F848002080C1
:10B8D00000201CBD1CB504468078032805D0012833
:10B8E00017D0022815D012201CBD2088694600F010
:10B8F0008EFC08B102201CBD606828B1DDE90001A2
:10B90000224600F01EFD1CBDDDE9000100F00AFD2D
:10B910001CBD204600F050FD1CBD10B586B004468D
:10B9200000F09EFD002803D100F005FC10B10C20B2
:10B9300006B010BD022104F1100000F0DAFDA0787D
:10B940008DF80800A0788DF8000060788DF803006D
:10B9500020788DF80200207E8DF80400A078C007C2
:10B960000AD0E078012810D088B100208DF80100BD
:10B97000A06803902069049002A808F05DF80028F0
:10B98000D6D1684606F0FBFED2E70220EEE70120A2
:10B99000ECE70278012A01D0BAB118E042783AB156
:10B9A000012A05D0022A12D189B1818879B100E03B
:10B9B00059B1418849B1808838B101EB8101490012
:10B9C00000EB8000B1EB002F01D200207047122065
:10B9D000704710B504460078012809D008F00DFA28
:10B9E000052803D007F08AFF002800D00C2010BDE6
:10B9F00006F0DBFD38B106F0EDFDA1886088BDE8FA
:10BA0000104008F02EB8122010BD10B504460121D8
:10BA1000FFF7BFFF002803D12046BDE81040D8E75C
:10BA200010BD2DE9F0411D461046DDE906478B1F8C
:10BA300040F67A42089E93421CD8831F934219D83D
:10BA4000814217D8B5F5FA7F14D2A4F10A01121F6A
:10BA500091420FD806F073F96D1C684340F27121D2
:10BA600040004C43B0EB041F04D2B74202D801207F
:10BA7000BDE8F0810020FBE72DE9FE43457A04464E
:10BA800068076CD0E8086AD1022D68D004F06DFE1A
:10BA900025EA0000400702D194F8480010B11120B7
:10BAA000BDE8FE83012D5AD1FF270121A06900F0D6
:10BAB000B2FCE8B3A84600263546BD422FD004EBC1
:10BAC00085018869C968884249D8064404EB450065
:10BAD0008146C18EB0F84230828F8DE80E00038E11
:10BAE000428D818C0020FFF79CFF08B3BDB1B9F8EF
:10BAF0002410B9F82200814231D1B9F82A10B9F8DE
:10BB0000280081422BD1B9F83010B9F82E008142BB
:10BB100025D1B9F83610B9F8340081421FD16D1C17
:10BB2000EDB24545C9D3E068B04218D3207800E0B3
:10BB300003E020B1012812D104E03020B0E7A07862
:10BB40000028F7D1607828B1012803D0022801D05D
:10BB5000032804D194F84C0008B1072801D9122019
:10BB60009EE700209CE70178C90702D0406809F0F1
:10BB7000FDBF09F0C6BF10B505F05CF8002010BD90
:10BB80002DE9F0438DB00546AFF2A431D1E900862E
:10BB9000407A810702D540F0010068722846FFF71D
:10BBA0006BFF00280CD100F0C6FA40B9FE4F387880
:10BBB00028B906F0FAFAA0F57F41FF3902D00C202F
:10BBC0000DB055E4032105F1180000F092FCF74890
:10BBD0000890F7480990F54808AA30300A900621E5
:10BBE0000BA801F03FFA04003FD0002105F066FEEB
:10BBF000B9780091B9467B78B7F80520B7F80310FB
:10BC0000208801F019FB00B1FFDF218804F1120048
:10BC100000F0B3FAE7A004F11607006805900321CD
:10BC200005A803F0BCF9002005A90A5C3A54401CA1
:10BC3000C0B20328F9D3688D06F081F86060288EC1
:10BC40002081E88E6081687A00F06BFA0746D9F8A7
:10BC500008102046E16207F074FF3B461A46204672
:10BC6000616807F071FF10B106E00920A8E799F8B4
:10BC70000C0008B109267AE084F83C7084F83D7025
:10BC8000204607F09BFAC84A21461232002005F0F0
:10BC9000EBFF002784F84E7084F84F70C4F80C80D6
:10BCA00026744FF0010884F8F8808DF80070414642
:10BCB000684603F074F99DF8000000F00701C0F336
:10BCC000C1021144C0F3401008448DF80000401D2B
:10BCD00084F82000092802D2083084F820000121CD
:10BCE000204605F0EBFD687806F06AFCA978287814
:10BCF000EA1C06F039FC48B106F06CFCA9782878FB
:10BD0000EA1C06F0B1FC060002D030E012262EE05C
:10BD1000A87800F0EDF90246EB1C2146032006F05E
:10BD2000CBFC060023D101231A462146FFF75EFB18
:10BD300006F0D5FC06001AD18DF80870687AC007A5
:10BD400005D0E8680390A86904908DF8088002A8DF
:10BD500007F072FE064695F84C0006F000FC36B976
:10BD6000B5F84A10204607F022FE060008D02088C9
:10BD700004F0CFFB2088062101F0B4F900B1FFDF09
:10BD800030461DE738B58848007878B908F035F8AE
:10BD9000052805D006F009FAA0F57F41FF3905D046
:10BDA000684607F08EFE040002D00CE00C2038BD7F
:10BDB0000098008804F0ADFB00980621008801F08F
:10BDC00091F900B1FFDF204638BD10B504460020D0
:10BDD000228886B0A2F57F41FF3907D003A910461B
:10BDE00000F015FA08B10220A2E504982189A38980
:10BDF00062898DE80E00E388A2886188FFF711FE52
:10BE000008B1002094E5302092E570B50546FFF7B3
:10BE1000DCFF00280ED12888062101F051F904002A
:10BE200007D000F0E6F920B1D4F8F000007830B97E
:10BE300001E0022070BDD4F82801007808B13A2052
:10BE400070BDA88805F07BFF06460146052005F079
:10BE50007AFF54F8F01FC8802168002088602068AD
:10BE6000C6602168E88808822168288948823146AE
:10BE7000082005F068FF54F8F0190246C88882428D
:10BE800001D3B04201D3122070BD28884880D4F875
:10BE9000F01002200870002070BD3EB5044605F089
:10BEA00081FDB8B142480125801DA0F10E02057048
:10BEB0002368C2F80F3023790021D37401706946DA
:10BEC000062001F08AF800B1FFDF684601F063F850
:10BED00010B10EE012203EBDBDF80440029880F87B
:10BEE000F850684601F057F818B9BDF80400A042B0
:10BEF000F4D100203EBD70B505460088062101F052
:10BF0000DFF8040007D000F074F920B1D4F8F00095
:10BF1000007830B901E0022070BDD4F82801007823
:10BF200008B13A2070BD002104F18E0000F0E7F85E
:10BF3000012801D01A2070BD54F8F00FD5F8021076
:10BF400010224160D5F806108160206869898181DE
:10BF5000206805F10C010E300CF030FC2168032044
:10BF60000870216828884880002070BD0078C108CA
:10BF700001D0122070470C498875002070472DE9C8
:10BF8000FC41054641884BF68032122091421DD873
:10BF900000291BD02888694600F039F9002815D1FE
:10BFA000019E341D483607E0BC040020FC0400203C
:10BFB000500000201122330027686A883946304635
:10BFC00005F039FC2068B842EDD1002007E41CB52B
:10BFD00004460088694600F01AF9002808D1019942
:10BFE000A378084691F8242048319A4201D10C20C8
:10BFF0001CBD7F220A728A720022CA72E17880F820
:10C000002510217980F82610A17880F82410104698
:10C010001CBD1CB50C46694600F0F9F8002804D197
:10C02000019890F86400207000201CBD7CB50D467E
:10C030001446694600F0EBF8002805D1019890F805
:10C040002400012801D00C207CBD019890F85010EC
:10C05000297090F85100207000207CBD017879B1E2
:10C06000417869B141881B290AD381881B2907D3EC
:10C07000F749026841F8012F8088888000207047C6
:10C0800012207047006840F2E241884203D3F04931
:10C090008860002070471220704710B5007800F0CB
:10C0A000010007F04AFD002010BD10B5044600F065
:10C0B00042F808B10C2010BD601C05F0B5FA2078DC
:10C0C00000F0010006F081FA002010BD10B50068F4
:10C0D00003F01CFB002010BDDD49087300207047F1
:10C0E00010B5082004F030FBBDE8104009F06EBA2E
:10C0F00018B1022801D0012070470020704700EBE2
:10C10000D10001F00701007801228A401040C840A8
:10C11000704700B5012803D0022801D0FFDFFEE7F9
:10C1200000BDC10701D001207047800701D5022062
:10C1300070470020704710B507F05FFE042803D059
:10C14000052801D0002010BD012010BD10B5FFF75B
:10C15000F2FF20B106F0C9FA08B1012010BD00209D
:10C1600010BD10B5FFF7E7FF28B106F0DAFA012895
:10C1700001D0002010BD012010BD2DE9FE43002597
:10C180000F4680460A260421404602F02FFF404613
:10C1900005F0E6FB062000F03FFF044615E0694687
:10C1A000062000F01AFF0AE0BDF80400B84206D0ED
:10C1B00002980422414612300CF0EFFA50B1684662
:10C1C00000F0E9FE0500EFD0641E002C06DD002D16
:10C1D000E5D005E0404605F0CDFBF5E705B9FFDF0A
:10C1E000D8F8000005F034FB761E01D00028CAD034
:10C1F00056E490F8E01090F8640020B919B10429D1
:10C2000001D001207047002070474068F1E710B569
:10C210000C46062100F054FF606010B10020207031
:10C2200010BD022010BD08B54FF6FF70ADF800003C
:10C2300006E00621BDF8000000F054FF00B1FFDF6A
:10C2400000216846FFF742F80028F2D008BD2DE92A
:10C25000F05F8C78984691460E46074614B904F074
:10C2600084FA0446F578E5BB04F07FFA054649E018
:10C270002046FFF756FF83462846FFF752FF8246C7
:10C28000387853465A467968FFF7B0F840B14CB356
:10C2900045B389F8004088F800500020BDE8F09FC1
:10C2A000B078F8B9F078E8B9BAF1000F03D0BBF173
:10C2B000000F01D11BE0FFDFBBF1040F19D000BF5D
:10C2C000BAF1040F15D0BBF1080F12D0BAF1080F64
:10C2D0000FD058465146D3450FD90846FFF719FFEE
:10C2E00001E00FE011E000F016F985430AE0FFDFFE
:10C2F000E6E758465146D345EFD3FFF70AFF00F073
:10C300000AF984430CB1002DB2D10920C6E710B55B
:10C31000040005D004F029FA844301D0002010BDA8
:10C32000012010BD086C50B1002241F8402F0120BF
:10C33000CA718979884047490860104670470C20C7
:10C340007047F8B5054650890C4628B1B0F5004F46
:10C3500002D2D078112801D31220F8BD216C04F14B
:10C36000480629B194F84610884201D00C20F8BD47
:10C37000012184F84710D17884F84610516821646F
:10C380005189A4F8441010897085002184F8471061
:10C3900010886946FFF791FA0028E8D1708DBDF842
:10C3A0000010081A00B2002804DD21462846FFF7D5
:10C3B000B9FFDBE70020F8BD10B5044680780128FE
:10C3C00003D107F01AFD042806D1A078022805D170
:10C3D00007F013FD052801D00C2010BD208968B995
:10C3E000608958B9606830B1E178112906D2BDE89A
:10C3F000104006F0DFB9E078112801D3122010BDFB
:10C4000006F0E9F90028FAD1E178012088401149C5
:10C410000860002010BD104A90420BD8012902D0BC
:10C42000042903D008E040F2537101E040F6C41142
:10C43000884201D200207047012070470749A0F6CA
:10C44000C410884201D300207047012070470000CB
:10C45000BC04002008F501408FFD7002CCF370028F
:10C4600070B5044600780025012804D018B10228D0
:10C4700001D0032839D1607828B1012803D00228DF
:10C4800001D0032831D1607E48B9A07801282CD191
:10C4900004F06BF90146A07830EA010101D01120C7
:10C4A00070BDC00706D0E07801232269A16800F0C2
:10C4B0003AF80546A078800706D5E078022322697D
:10C4C000A16800F030F80543A078400706D5E07871
:10C4D00004232269A16800F026F805430DB128461F
:10C4E00070BD207E08B1072801D9122070BD002040
:10C4F00070BD30B50022164D0AE000BF50F8224052
:10C500002B469C4200D8234640F82230521CD2B21F
:10C510008A42F3D330BD00B5012803D0022801D0F0
:10C52000FFDFFEE700BD10B50C4618B1012801D0B1
:10C53000122010BD19461046FFF76DFF28B12046A6
:10C54000FFF77CFF08B1002010BD302010BD0000B7
:10C550000024F40030B5048824F4004529448DB249
:10C560004FF4004195420AD2521B92B21B339A42B9
:10C5700001D2A14307E004F40041294303E0AA1AD1
:10C5800092B2A1431143018030BD084408305043AA
:10C590004A31084480B2704770B51D4616460B46B6
:10C5A000044629463046049AFFF7EFFF0646B34299
:10C5B00000D2FFDF2822002120460CF01FF94FF6A1
:10C5C000FF70A082283EB0B265776080B0F5004F62
:10C5D00000D9FFDF618805F13C00814200D2FFDF16
:10C5E00060880835401B343880B220801B2800D278
:10C5F0001B2020800020A07770BD8161886170477A
:10C600002DE9F05F0D46C188044600F12809008934
:10C6100021F4004620F4004800F065FB10B1002032
:10C62000BDE8F09F4FF0000A4FF0010BB0450CD968
:10C63000617FA8EB0600401A0838854219DC09EB37
:10C6400006000021058041801AE06088617F801B20
:10C65000471A083F0DD41B2F00DAFFDFBD4201DC73
:10C66000294600E0B9B2681A0204120C04D042450F
:10C6700002DD84F817A0D2E709EB060001804280B2
:10C6800084F817B0CCE770B5044600F12802C088E2
:10C69000E37D20F400402BB110440288438813440A
:10C6A0008B4201D2002070BD00258A4202D3018056
:10C6B000458008E0891A0904090C418003D0A01DB7
:10C6C00000F021FB08E0637F00880833184481B242
:10C6D0006288A01DFFF73EFFE575012070BD70B5B3
:10C6E000034600F12804C588808820F400462644CB
:10C6F000A84202D10020188270BD98893588A842CE
:10C7000006D3401B75882D1A2044ADB2C01E05E02B
:10C710002C1AA5B25C7F20443044401D0C88AC42EA
:10C7200000D90D809C8924B10024147009881982D5
:10C7300070BD0124F9E770B5044600F12801808836
:10C7400020F400404518208A002826D0A1890844FA
:10C7500080B2A08129886A881144814200D2FFDF1B
:10C760002888698800260844A189884213D1A069D5
:10C7700008B1807F2871698819B1201D00F0C3FAC3
:10C7800008E0637F28880833184481B26288201D3E
:10C79000FFF7E0FEA6812682012070BD2DE9F04161
:10C7A00041898788044600F128050026B94218D03F
:10C7B00004F10A0821F400402844418819B1404698
:10C7C00000F0A1FA08E0637F00880833184481B2C2
:10C7D00062884046FFF7BEFE761C6189B6B2B94258
:10C7E000E8D13046BDE8F0812DE9F04104460B4622
:10C7F0002789B4F80A80A688283027F4004101442C
:10C800000D46B74201D10020ECE70AB1481D106087
:10C8100023B1627F691D18460BF0D0FF2E8869880E
:10C8200004F1080021B18A1996B200F06CFA06E012
:10C83000637F62880833991989B2FFF78BFE4745F9
:10C8400001D1208960813046CCE78188C088884248
:10C8500001D10120704700207047818800898842FB
:10C8600001D1012070470020704770B5C3888588CA
:10C8700000F1280425F4004223F4004114449D42B1
:10C880001CD08389058A5E1925886388EC18A64226
:10C8900012D313B18B420FD310E0437F08325C19DF
:10C8A0002244408892B2801A80B22333984201D247
:10C8B00011B903E08A4201D0012070BD002070BD93
:10C8C0002DE9F0478846C1880446008921F40046D6
:10C8D00004F1280720F4004507EB060900F003FAED
:10C8E000002178BBB54204D9627FA81B801A0025BD
:10C8F00003E06088627F801B801A083823D4E289B5
:10C9000062B1B9F80020B9F802303BB1E81A2177DA
:10C91000404518DBE0893844801A09E0801A217705
:10C9200040450ADB607FE1890830304439440844DF
:10C93000C01EA4F81280BDE8F087454503DB012046
:10C940002077E7E7FFE761820020F4E72DE9F74F62
:10C95000044600F12805C088884620F4004A608A11
:10C9600005EB0A0608B1404502D20020BDE8FE8F63
:10C97000E08978B13788B6F8029007EB0901884260
:10C9800000D0FFDF207F4FF0000B50EA090106D0F6
:10C9900088B33BE00027A07FB9463071F2E7E18918
:10C9A00059B1607F2944083050440844B4F81F103E
:10C9B00020F8031D94F821108170E28907EB08002C
:10C9C00002EB0801E1813080A6F802B002985F46D0
:10C9D00050B1637F30880833184481B26288A01D4B
:10C9E000FFF7B8FDE78121E0607FE189083050441E
:10C9F000294408442DE0FFE7E089B4F81F102844DB
:10CA0000C01B20F8031D94F82110817009EB080069
:10CA1000E28981B202EB0800E081378071800298E0
:10CA2000A0B1A01D00F06FF9A4F80EB0A07F401CCB
:10CA3000A077A07D08B1E088A08284F816B000BF7E
:10CA4000A4F812B084F817B001208FE7E0892844D9
:10CA5000C01B30F8031DA4F81F10807884F8210053
:10CA6000EEE730B5C488818800F1280221F4004344
:10CA700013448288858AAA4212D0A14210D08189AB
:10CA800071B9826972B11046FFF7E7FE50B910899B
:10CA9000283220F40040104419790079884201D1ED
:10CAA000002030BD184630BD00F12803407F08301B
:10CAB0000844C01E1060088808B9DB1E136008888F
:10CAC0004988084480B270472DE9F04100F12806FA
:10CAD000407F1C4608309046431808884D88069AC7
:10CAE000DB1EA0B1C01C80B2904214D9801AA042B3
:10CAF00000DB204687B298183A4641460BF04DFEBF
:10CB0000002816D1E01B84B2B844002005E0ED1CDB
:10CB1000ADB2F61EE8E7101A80B20119A94206D894
:10CB2000304422464146BDE8F0410BF036BE4FF09E
:10CB3000FF3057E62DE9F04100F12804407F1E4602
:10CB4000083090464318002508884F88069ADB1E57
:10CB500090B1C01C80B2904212D9801AB04200DB62
:10CB6000304685B299182A4640460BF027FE701BC6
:10CB700086B2A844002005E0FF1CBFB2E41EEAE72D
:10CB8000101A80B28119B94206D82118324640469F
:10CB90000BF014FEA81985B2284623E62DE9F041D2
:10CBA00000F12804407F1E460830904643180025B7
:10CBB00008884F88069ADB1E90B1C01C80B2904254
:10CBC00012D9801AB04200DB304685B298182A4646
:10CBD00041460BF0F3FD701B86B2A844002005E02F
:10CBE000FF1CBFB2E41EEAE7101A80B28119B942F5
:10CBF00006D82044324641460BF0E0FDA81985B224
:10CC00002846EFE5401D704710B5C388828804466A
:10CC100000F1280122F4004008449A4207D0A1897B
:10CC200029B9218A19B9A188A28A914201D100208B
:10CC300010BD0288418831B1201D00F064F8002049
:10CC40002082012010BD637F0833981881B262886A
:10CC5000201DFFF77FFCF2E70021C18101774182AF
:10CC6000C1758175704703881380C28942B1C2883B
:10CC700022F4004300F128021A440A60C089704778
:10CC80000020704710B50446808AA0F57F41FF3927
:10CC900000D0FFDFE088A082E08900B10120A0750C
:10CCA00010BD4FF6FF71818200218175704710B56C
:10CCB0000446808AA0F57F41FF3900D1FFDFA07DC7
:10CCC00028B9A088A18A814201D1002010BD01208D
:10CCD00010BD8188828A914201D1807D08B10020F7
:10CCE00070470120704720F4004221F400439A422B
:10CCF00007D100F4004001F40041884201D0012036
:10CD000070470020704770B5058806460C4625F42C
:10CD10000040A04200D2FFDF4FF40040A843204370
:10CD2000308070BD70B50C00054609D0082C00D2CB
:10CD3000FFDF1DB1A1B2286800F044F8201D70BDCE
:10CD40000DB100202860002070BD0021026803E0C2
:10CD500093881268194489B2002AF9D100F032B8D8
:10CD600070B500260D460446082900D2FFDF206872
:10CD700008B91EE0044620688188A94202D00168F3
:10CD80000029F7D181880646A94201D100680DE04B
:10CD900005F1080293B20022994209D32844491BA5
:10CDA000026081802168096821600160206000E0E4
:10CDB0000026304670BD00230B608A8002680A603E
:10CDC0000160704700234360021D018102607047CB
:10CDD000F0B50F460188408815460C181E46AC4237
:10CDE00000D3641B3044A84200D9FFDFA019A84239
:10CDF00000D9FFDF3819F0BD2DE9F041884606461D
:10CE00000188408815460C181F46AC4200D3641BAD
:10CE10003844A84200D9FFDFE019A84200D9FFDF5B
:10CE200070883844708008EB0400BDE8F0812DE97B
:10CE3000F041054600881E461746841B8846BC42C2
:10CE400000D33C442C8068883044B84200D9FFDFCE
:10CE5000A019B84200D9FFDF68883044688008EB29
:10CE60000400E2E72DE9F04106881D4604467019EA
:10CE700080B2174688462080B84201D3C01B20806C
:10CE80006088A84200D2FFDF7019B84200D9FFDFE6
:10CE90006088401B608008EB0600C6E72DE9F04182
:10CEA000C44D04469046A8780E46A04200D8FFDF45
:10CEB00005EB8607786A50F8240000B1FFDFB868F8
:10CEC000002816D0304600F03CF90146B868FFF75C
:10CED00047FF05000CD0786A072E40F8245000D395
:10CEE000FFDFB5484246294650F82630204698478D
:10CEF0002846BDE8F0812DE9F8431F46CC1990463D
:10CF000089460546FF2C00D9FFDFB84500D9FFDF71
:10CF1000E4B200952DB30026E81C20F00300A842DF
:10CF200000D0FFDF4146DFF88C82684688F80010A9
:10CF300088F8019088F8024088F8034088F8044097
:10CF400088F8054088F80670314600F003F90021A2
:10CF50000F4642460098C01C20F00300009016B116
:10CF60000EE00126D8E702EB81035862002005E0BD
:10CF7000D3F824C04CF82070401CC0B2A042F7D3B4
:10CF80000098491C00EB8400C9B200900729E1D346
:10CF9000401BBDE8F88370B50446F4F772F908B198
:10CFA000102070BD834825786188827900EB850068
:10CFB0000EE0436A53F8213043B14A1C6280A180DD
:10CFC000406A50F82100A060002070BD491C89B261
:10CFD0008A42EED86180052070BD70B505460C46CA
:10CFE0000846F4F74EF908B1102070BD072D01D3A3
:10CFF000072070BD25700020608070BD0EB56946A9
:10D00000FFF7EBFF00B1FFDF6846FFF7C4FF08B191
:10D0100000200EBD01200EBD10B50446072800D328
:10D02000FFDF6448005D10BD3EB50546002469463B
:10D03000FFF7D3FF18B1FFDF01E0641CE4B26846DC
:10D04000FFF7A9FF0028F8D02846FFF7E5FF001BEF
:10D05000C0B23EBD57498978814201D9C0B27047FC
:10D06000FF2070472DE9F041062909D1514C0027D6
:10D070003B464FF6FF7604EB810514F801C00CE047
:10D08000002036E7DC19D5F824E0A4B25EF824E0ED
:10D09000BEF1000F04D05B1C9BB29C45F2D8344615
:10D0A00004802046B442EBD0BDE8F041F6E6A0F59E
:10D0B0007F43FF3B01D0072901D300207047EDE6F5
:10D0C000A0F57F42FF3A0BD0072909D2394A93785D
:10D0D000834205D902EB8101496A51F8200070476B
:10D0E000002070472DE9F04104460D46A4F57F412C
:10D0F00043F20200FF3902D0072D01D30720F8E6E2
:10D100002C494FF000088A78A242F8D901EB850635
:10D11000726A52F82470002FF1D0274839461C302B
:10D1200050F8252020469047716A284641F824800F
:10D1300000F007F802463946B068FFF73CFE0020D1
:10D14000D7E61D49383131F810004FF6FC71C01C8C
:10D15000084070472DE9F843164E884605460024DE
:10D160002868C01C20F0030028602046FFF7E9FF74
:10D17000315D4843B8F1000F01D0002200E02A6879
:10D180000146009232B100274FEA0D00FFF7CAFDB9
:10D190001FB106E001270020F8E706EB8401009AA2
:10D1A0008A602968641C0844E4B22860072CD7D33D
:10D1B000EFE600003C0500201CB2010070B50E46F1
:10D1C0001D46114600F0D5F804462946304600F0C9
:10D1D000D9F82044001D70BD2DE9F04190460D4660
:10D1E00004004FF0000610D00027E01C20F00300E0
:10D1F000A04200D0FFDFE5B141460020FFF792FDDD
:10D200000C3000EB850617B113E00127EDE7624F04
:10D2100004F10C00AA003C602572606000EB850000
:10D220002060002160680BF0E9FA41463868FFF79A
:10D2300079FD3046BDE8F0812DE9FF4F564C804620
:10D2400081B020689A46934600B9FFDF2068027AD1
:10D25000424503D9416851F8280020B143F2020049
:10D2600005B0BDE8F08F5146029800F082F886B212
:10D2700058460E9900F086F885B27019001D87B2E5
:10D280002068A14639460068FFF76AFD04001FD0F8
:10D29000678025802946201D0E9D07465A4601239A
:10D2A0000095FFF779F92088314638440123029A26
:10D2B000CDF800A0FFF770F92088C1193846FFF7B4
:10D2C0009CF9D9F800004168002041F82840C7E7E0
:10D2D0000420C5E770B5304C0546206800B9FFDF73
:10D2E0002068017AA9420ED9426852F8251051B13E
:10D2F000002342F825304A880068FFF75CFD21686A
:10D3000000200A7A08E043F2020070BD4B6853F82F
:10D31000203033B9401CC0B28242F7D80868FFF70A
:10D3200014FD002070BD70B51B4E0546002430680A
:10D3300000B9FFDF3068017AA94204D9406850F88B
:10D34000250000B1041D204670BD70B5124E054683
:10D350000024306800B9FFDF3068017AA94206D99D
:10D36000406850F8251011B131F8040B44182046DC
:10D3700070BD10B50A460121FFF707F9C01C20F067
:10D38000030010BD10B50A460121FFF7FEF8C01CCE
:10D3900020F0030010BD00005C00002070B50446C2
:10D3A000C2F1100528190BF009FA15F0FF0109D098
:10D3B000491ECAB28020A0542046BDE8704000211A
:10D3C0000BF01CBA70BD30B505E05B1EDBB2CC5C67
:10D3D000D55C6C40C454002BF7D130BD10B500248F
:10D3E00009E00B78521E44EA430300F8013B11F8B0
:10D3F000013BD2B2DC09002AF3D110BD2DE9F04384
:10D4000089B00646DDE910591C4617465FEA010857
:10D41000084621D03246FA4900F0F4F9102231468C
:10D420002846FFF7DBFFF07B000606D5F44A2946C5
:10D43000102310320846FFF7C6FF1022294648463F
:10D44000FFF7CCFFE87B000606D5ED4A49461023DE
:10D4500010320846FFF7B7FF1022002130460BF0CC
:10D46000CDF90CE0103CA4B23919102332466846BD
:10D47000FFF7A9FF32466946404600F0C3F9102C79
:10D48000F0D818D0E2B239466846FFF787FF10237C
:10D490004A46694604A8FFF796FF1023324604A9BE
:10D4A0006846FFF790FF32466946404600F0AAF909
:10D4B00009B0BDE8F08310232A463946EAE770B583
:10D4C0009CB01E460546134620980C468DF8080071
:10D4D000202219460DF109000BF070F92022214697
:10D4E0000DF129000BF06AF917A913A8CDE9000185
:10D4F000412302AA31462846FFF780FF1CB070BDC9
:10D500002DE9FF4F9FB014AEDDE92D5410AFBC499B
:10D51000CDE90076202320311AA8FFF76FFF4FF0E6
:10D5200000088DF808804FF001098DF8099054F833
:10D53000010FCDF80A00A088ADF80E0014F8010C18
:10D540001022C0F340008DF8100055F8010FCDF8FF
:10D550001100A888ADF8150015F8010C2C99C0F33E
:10D5600040008DF8170006A882460BF027F90AA89C
:10D570008346102222990BF021F9A148352308385F
:10D5800002AA40688DF83C80CDE900760E901AA979
:10D590001F98FFF733FF8DF808808DF809902068F9
:10D5A000CDF80A00A088ADF80E0014F8010C102286
:10D5B000C0F340008DF810002868CDF81100A8884D
:10D5C000ADF8150015F8010C2C99C0F340008DF84A
:10D5D000170050460BF0F2F85846102222990BF033
:10D5E000EDF887483523083802AA40688DF83C904A
:10D5F000CDE900760E901AA92098FFF7FFFE23B020
:10D60000BDE8F08FF0B59BB00C460546DDE9221071
:10D610001E461746DDE92032D0F801C0CDF808C01B
:10D62000B0F805C0ADF80CC00078C0F340008DF82C
:10D630000E00D1F80100CDF80F00B1F80500ADF8EB
:10D64000130008781946C0F340008DF815001088C3
:10D65000ADF8160090788DF818000DF11900102221
:10D660000BF0ACF80DF12900102231460BF0A6F8B2
:10D670000DF13900102239460BF0A0F817A913A8B4
:10D68000CDE90001412302AA21462846FFF7B6FE54
:10D690001BB0F0BDF0B5A3B017460D4604461E46BC
:10D6A000102202A828990BF089F806A820223946F2
:10D6B0000BF084F80EA8202229460BF07FF81EA953
:10D6C0001AA8CDE90001502302AA314616A8FFF797
:10D6D00095FE1698206023B0F0BDF0B589B00446E1
:10D6E000DDE90E060F463178109DC1F340018DF83B
:10D6F000001029789446C1F340018DF80110196893
:10D70000CDF802109988ADF8061099798DF80810B7
:10D710000168CDF809108188ADF80D1080798DF879
:10D720000F0010236A46614604A8FFF74CFE22460C
:10D7300004A9384600F066F8D5F801000090B5F865
:10D740000500ADF80400D6F80100CDF80600B6F8E3
:10D750000500ADF80A000020039010236A46214618
:10D7600004A8FFF730FE224604A9384600F04AF824
:10D7700009B0F0BD7FB51C680D4600945968019151
:10D78000116802915168024603916946284600F0EB
:10D7900039F87FBD10B588B0044610680490506811
:10D7A000059000200B46069007906A4604A918468B
:10D7B00000F028F8BDF80000208008B010BD1FB5AB
:10D7C0001288ADF800200C461988ADF8021000212F
:10D7D00001910291024603916946204600F012F839
:10D7E0001FBD7FB5064B14460546083B9A1C68468C
:10D7F000FFF7E5FF224669462846FFF7CBFF7FBDCE
:10D800006AB20100FDF757BF70B5044600780E46B6
:10D81000012813D0052802D0092813D10EE0A068F2
:10D8200061690578022001F049FD052D0AD07823B1
:10D8300000220220616901F0E5FC03E00220616939
:10D8400001F03CFD31462046BDE8704001F086B84D
:10D8500010B500F12D03C2799C78411D144064F38A
:10D860000102C271D2070DD04A795C7922404A7117
:10D870000A791B791A400A718278C9788A4200D9DC
:10D88000817010BD00224A71F5E74178012900D06E
:10D890000C21017070472DE9F04F93B04FF0000B51
:10D8A0000C690D468DF820B0097801260C2017462A
:10D8B0004FF00D084FF0110A4FF008091B2975D2DF
:10D8C000DFE811F01B00C20205031D035B036E03BA
:10D8D000A003B503F603170460049304A004EB044B
:10D8E0002A05340552055C05EF0532063506640647
:10D8F0008006F9061D07E606EB0614B120781D2800
:10D900002AD0D5F808805FEA08004FD001208DF8B2
:10D910002000686A02220D908DF824200A208DF8DC
:10D920002500A8690A90A8880028EED098F8001071
:10D9300091B10F2910D27DD2DFE801F07C1349D9D3
:10D94000FCFBFAF9F8F738089CF6F50002282DD10F
:10D9500024B120780C2801D00026EEE38DF8202099
:10D96000C9E10220696A01F0A9FCA8880728EED164
:10D97000204600F0EEFF022809D0204600F0E9FF23
:10D98000032807D9204600F0E4FF072802D201202F
:10D99000207004E0002CB8D020780128D7D198F866
:10D9A0000400C11F0A2902D30A2061E0C2E1A0706D
:10D9B000D8F80010E162B8F80410218698F8060043
:10D9C00084F83200012028700320207044E00728EA
:10D9D000BDD1002C99D020780D28B8D198F803102B
:10D9E00094F82F20C1F3C000C2F3C002104201D04E
:10D9F000062000E00720890707D198F805100142AA
:10DA0000D2D198F806100142CED194F8312098F87E
:10DA1000051020EA02021142C6D194F8322098F88B
:10DA2000061090430142BFD198F80400C11F0A2993
:10DA3000BAD200E006E2617D81427CD8D8F80010BD
:10DA40006160B8F80410218198F80600A0720120E6
:10DA500028700E20207003208DF82000686A0D9039
:10DA600004F12D000990601D0A900F300B901DE10C
:10DA70002875FDE3412891D1204600F06AFF042873
:10DA800002D1E078C00704D1204600F062FF0F28E1
:10DA900084D1A88CD5F80CB080B24026D4F81C8074
:10DAA000FFF741FC334642465946CDF80090FFF758
:10DAB00041F80B208DF82000686A0D90E06909900C
:10DAC000002108A8FFF7A0FE2078042806D0A07D3A
:10DAD00038B1012805D0032806D049E3052020707D
:10DAE000CDE184F800A037E712202070EDE1112885
:10DAF000C1D1204600F02DFF042802D1E078C007F4
:10DB00000FD0204600F025FF062805D1E078C00799
:10DB100007D1A07D022804D0204600F01AFF11286A
:10DB2000A9D1102208E0C7E07EE070E14FE122E1D8
:10DB300001E1E7E014E0AEE108F1010104F13C008D
:10DB40000AF03CFE607801287ED012202070E07838
:10DB5000C00760D0A07D0028C8D00128C6D05AE0F8
:10DB6000112888D1204600F0F4FE082804D0204671
:10DB700000F0EFFE13288BD104F16C00102208F1A5
:10DB8000010106460AF01AFE207808280DD014205C
:10DB90002070E178C8070DD0A07D02280AD06278F5
:10DBA000022A04D00328A1D035E00920F0E708B10B
:10DBB000012837D1C80713D0A07D02281DD000202E
:10DBC0000090D4E9062133460EA8FFF778FC102216
:10DBD0000EA904F13C000AF0E0FDC8B1042047E7BB
:10DBE000D4E90912201D8DE8070004F12C03324608
:10DBF0000EA8616BFFF771FDE9E7606BC1F34401AB
:10DC0000491E0068C84000F0010040F08000D7E7DE
:10DC10002078092806D185F800908DF8209037E308
:10DC20002870F0E30920FBE711289AD1204600F084
:10DC300090FE0A2802D1E078C00704D1204600F007
:10DC400088FE15288DD100E090E104F13C001022FF
:10DC500008F1010106460AF0B1FD20780A2816D025
:10DC600016202070D4E90932606B611D8DE80F0029
:10DC700004F15C0304F16C0247310EA8FFF7C2FC0B
:10DC800010220EA930460AF088FD18B1FAE20B20E6
:10DC9000207075E22046FFF7DBFDA178206AC1F114
:10DCA0001002084400210AF0A9FD28E3394608A81B
:10DCB000FFF7AAFD06463FE20228B6D1204600F053
:10DCC00048FE042804D3204600F043FE082809D368
:10DCD000204600F03EFE0E282CD3204600F039FEF0
:10DCE000122827D2A07D02289FD1696A00F024FE65
:10DCF0000E208DF82000686A0D9098F801008DF8CC
:10DD00002400F3E3022890D1204600F022FE0028F0
:10DD100010D0204600F01DFE0128F9D0204600F06A
:10DD200018FE0C28F4D004208DF8240098F8010087
:10DD30008DF8250060E21128FCD1002CFAD0207863
:10DD40001728F7D16178606A022912D05FF00001CC
:10DD500001EB4101182606EBC1011022405808F1E1
:10DD600001010AF02BFD0220696A00F0E5FD267032
:10DD7000F2E50121ECE70B28DCD1002CDAD0207889
:10DD80001828D7D16078616A02281CD05FF00000A3
:10DD900000EB4002102000EBC2000958B8F8010067
:10DDA00008806078616A02280FD0002000EB4002F2
:10DDB000142000EBC2000958404650F8032F0A60B7
:10DDC0004068486039E00120E2E70120EEE71128D1
:10DDD000B0D1002CAED020781928ABD16178606A20
:10DDE000022912D05FF0000101EB41011C2202EB7D
:10DDF000C1011022405808F101010AF0DFFC0220A5
:10DE0000696A00F099FD1A20B5E00121ECE70828C5
:10DE100090D1002C8ED020781A288BD1606A98F887
:10DE20000120017862F347010170616AD8F802208D
:10DE300041F8012FB8F8060088800220696A00F0D6
:10DE40007BFD8FE2072013E63878012894D1182251
:10DE500004F1140079680AF0B1FCE079C10894F883
:10DE60002F0001EAD001E07861F30000E070217D2D
:10DE7000002973D12178032909D0C00725D00320B8
:10DE800028708DF82090686A0D90412006E3607D2F
:10DE9000A178884201D90620EAE502262671E179B7
:10DEA000204621F0E001E171617A21F0F001617218
:10DEB000A17A21F0F001A172FFF7CAFC2E708DF853
:10DEC0002090686A0D900720E8E20420A8E63878E0
:10DED00005289DD18DF82000686A0D90B8680A90D9
:10DEE0000720ADF824000A988DF830B06168016011
:10DEF00021898180A17A817104202070F6E239782D
:10DF0000052985D18DF82010696A0D91391D09AE5A
:10DF10000EC986E80E004121ADF824108DF830B00E
:10DF20001070A88CD7F80C8080B24026A769FFF744
:10DF30000CFA33463A464146CDF80090FEF72EFEE5
:10DF4000002108A8FFF760FCE07820F03E00801C6C
:10DF5000E0702078052802D00F200CE04BE1A07D76
:10DF600020B1012802D0032802D003E10720BCE53C
:10DF700084F80090F0E42070EEE4102104F15C00DD
:10DF800001F034F8606BB0BBA07D18B1012801D05E
:10DF90000520FEE006202870F7486063A063C1E218
:10DFA0003878022895D1387908B12875B5E3A07D75
:10DFB000022802D0032805D022E0B8680028F5D056
:10DFC00060631CE06078012806D0A07994F82E10D8
:10DFD000012805D0E84806E0A17994F82E00F7E77B
:10DFE000B8680028E2D06063E078C00701D001295A
:10DFF00002D0E14803E003E0F8680028D6D0A0632F
:10E0000006200DE68DF82090696A0D91E17848466A
:10E01000C90709D06178022903D1A17D29B101295D
:10E0200003D0A17D032900D00720287032E1387881
:10E030000528BBD1207807281ED084F800A0052031
:10E040008DF82000686A0D90B8680A90ADF824A099
:10E050008DF830B003210170E178CA070FD0A27D9E
:10E06000022A1AD000210091D4E9061204F15C03BF
:10E07000401CFFF724FA69E384F80090DFE7D4E955
:10E080000923211D8DE80E0004F12C0304F15C022C
:10E09000401C616BFFF721FB58E3626BC1F3440145
:10E0A000491E1268CA4002F0010141F08001DAE71E
:10E0B00038780528BDD18DF82000686A0D90B868C1
:10E0C0000A90ADF824A08DF830B0042100F8011BAF
:10E0D000102204F15C010AF071FB002108A8FFF78F
:10E0E00093FB2078092801D0132044E70A202070F0
:10E0F00098E5E078C10743D0A17D012902D002292B
:10E1000028D039E0617808A8012917D004F16C0102
:10E110000091D4E9061204F15C03001DFFF7BAFA7E
:10E120000A2028705FF003068DF82080686A0D9041
:10E13000002108A8FFF768FBDEE2C4E204F15C01FD
:10E140000091D4E9062104F16C03001DFFF7A2FA47
:10E150000026E9E7C0F3440114290DD24FF0006115
:10E1600001EBB0104FEAB060E0706078012801D098
:10E170001020BAE40620FEE6607801283FF4B3AC34
:10E180000A204DE5E178C90708D0A17D012903D116
:10E190000B202870042030E028702EE00E2028701C
:10E1A0006078616B012818D004F15C0304F16C0203
:10E1B0000EA8FFF7DFFA2046FFF74AFBA0780EAE65
:10E1C000C0F11002304400210AF018FB06208DF83F
:10E1D0002000686A09960D909AE004F16C0304F13E
:10E1E0005C020EA8FFF7C6FAE8E73978022903D1E6
:10E1F00039790029D0D029758FE28DF82000686A1E
:10E200000D9053E538780728F6D1D4E909216078D4
:10E21000012808D004F16C00CDE90002029105D17B
:10E2200004F16C0304E004F15C00F5E704F15C0325
:10E2300004F14C007A680646216AFFF761F96078BC
:10E24000012821D1A178206AC1F1100208440021DF
:10E250000AF0D4FAD4E90923606B04F12D018DE8AA
:10E260000F0004F15C0304F16C0231460EA800E0DB
:10E2700055E2FFF7C7F910220EA904F13C000AF09D
:10E280008CFA08B10B20AAE485F800808DF8209064
:10E29000686A0D908DF824A008E538780528ABD180
:10E2A0008DF82000686A0D90B8680A90ADF824A037
:10E2B0008DF830B080F80080617801291BD0D4E956
:10E2C000092304F12D01A66B0DF10408009688E8DE
:10E2D0000E0004F16C0304F15C0204F14C01401CDB
:10E2E000FFF790F9002108A8FFF78EFA607801285F
:10E2F00005D015203FE6D4E90932611DE3E70E2081
:10E30000287006208DF82000686ACDF824B00D90A2
:10E31000A0788DF82800C9E438780328BFD1E079C7
:10E32000C0076FD00F202870072066E738780428D0
:10E330006AD11422391D04F114000AF03FFA616A0F
:10E34000208CA1F80900616AA078C871E179626A3D
:10E3500001F003011172616A627A0A73616AA07A3C
:10E3600081F8240016205BE485F800A08DF8209049
:10E37000696A50460D9191E06AB20100387805282B
:10E3800042D1B868A8616178606A022901D0012190
:10E3900000E0002101EB4101142606EBC1014058C9
:10E3A000082100F023FE6178606A022901D0012172
:10E3B00000E0002101EB410106EBC101425802A837
:10E3C000E169FFF70EFA6078626A022801D0012045
:10E3D00000E0002000EB4001102000EBC100022310
:10E3E000105802A90932FEF7EEFF626AFD4B0EA833
:10E3F0000932A169FFF7E3F96178606A022904D064
:10E40000012103E043E18DE0BFE0002101EB410188
:10E41000182606EBC101A27840580EA90AF0CEF9E1
:10E420006178606A022901D0012100E0002101EB3E
:10E43000410106EBC1014158A0780B18C0F1100250
:10E44000002118460AF0DAF905208DF82000686AE4
:10E450000D90A8690A90ADF824A08DF830B006217F
:10E4600001706278616A022A01D0012200E0002274
:10E4700002EB420206EBC202401C895810220AF04D
:10E480009DF9002108A8FFF7BFF91220C5F818B0C0
:10E4900028708DF82090686A0D900B208DF824006C
:10E4A00004E43878052870D18DF82000686A0D9052
:10E4B000B8680A900B20ADF824000A980721017073
:10E4C0006178626A022901D0012100E0002101EB9C
:10E4D0004103102101EBC30151580988A0F8011034
:10E4E0006178626A022902D0012101E02EE1002157
:10E4F00001EB4103142101EBC30151580A6840F8B4
:10E50000032F4968416059E01920287001208DF8D7
:10E51000300076E6162028708DF830B0002108A86B
:10E52000FFF772F9032616E114202870AEE638785A
:10E5300005282AD18DF82000686A0D90B8680A90E5
:10E54000ADF824A08DF830B080F800906278616A50
:10E550004E46022A01D0012200E0002202EB4202D4
:10E560001C2303EBC202401C895810220AF026F932
:10E57000002108A8FFF748F9152028708DF82060C1
:10E58000686A0D908DF824603BE67FE038780528B6
:10E590007CD18DF82000686A0D90B8680A90ADF8BB
:10E5A0002490092101706169097849084170616905
:10E5B00051F8012FC0F802208988C18020781C28DA
:10E5C000A8D1A1E7E078C00702D04FF0060C01E027
:10E5D0004FF0070C607802280AD000BF4FF000000F
:10E5E00000EB040101F1090105D04FF0010004E046
:10E5F0004FF00100F4E74FF000000B78204413EADD
:10E600000C030B7010F8092F02EA0C02027004D1FF
:10E610004FF01B0C84F800C0CAB394F801C0BCF1E1
:10E62000010F00D093B990F800C05FEACC7804D015
:10E630002CF001060670102606E05FEA8C7805D5FE
:10E640002CF00206067013262E70032694F801C0E3
:10E65000BCF1020F00D092B991F800C05FEACC780B
:10E6600004D02CF001060E70172106E05FEA8C78CA
:10E6700005D52CF002060E701921217000260078B5
:10E68000D0BBCAB3C3BB1C20207035E012E002E04F
:10E690003878062841D11A2018E4207801283CD087
:10E6A0000C283AD02046FFF7F0F809208DF820001A
:10E6B000686A0D9031E03878052805D0062038705A
:10E6C00003261820287046E005218DF82010686A7E
:10E6D0000D90B8680A900220ADF8240001208DF852
:10E6E00030000A980170297D4170394608A8FFF76B
:10E6F0008BF8064618202870012E0ED02BE0012042
:10E700008DF82000686A0D9003208DF82400287D84
:10E710008DF8250085F814B012E0287D80B11D2009
:10E720002070172028708DF82090686A0D900220C4
:10E730008DF82400394608A8FFF766F806460AE077
:10E740000CB1FE2020709DF8200020B1002108A807
:10E75000FFF75AF80EE413B03046BDE8F08F2DE90C
:10E76000F04387B00C464E6900218DF8041001205B
:10E770002578034602274FF007094FF0050C85B1B5
:10E78000012D54D0022D3AD1FE2030708DF800308A
:10E79000606A059003208DF80400207E8DF8050046
:10E7A00064E02179012926D002292ED0032929D01D
:10E7B000042924D1B17D022921D131780D1F042DE6
:10E7C00004D30A3D032D01D31D2918D12189022923
:10E7D00015D300BF8DF80470237020899DF80410B4
:10E7E000884201E062B2010018D208208DF80000D2
:10E7F000606A059057E070780128EBD0052007B0DB
:10E80000BDE8F0831D203070E4E771780229F5D16E
:10E8100031780C29F3D18DF80490DDE7083402F843
:10E8200004CB94E80B0082E80B000320E7E715789F
:10E83000052DE4D18DF800C0656A059595680295AF
:10E840008DF8101094F80480B8F1010F13D0B8F1CE
:10E85000020F2DD0B8F1030F1CD0B8F1040FCED1A8
:10E86000ADF804700E202870207E68700021684684
:10E87000FEF7CAFF0CE0ADF804700B202870207E74
:10E88000002100F01F0068706846FEF7BDFF37707A
:10E890000020B4E7ADF804708DF8103085F800C0A2
:10E8A000207E6870277011466846FEF7ADFFA6E728
:10E8B000ADF804902B70207F6870607F00F001003D
:10E8C000A870A07F00F01F00E870E27F2A71C007E7
:10E8D0001CD094F8200000F00700687194F8210023
:10E8E00000F00700A87100216846FEF78DFF286838
:10E8F000F062A8883086A87986F83200A06940784E
:10E9000070752879B0700D203070C1E7A9716971F8
:10E91000E9E700B587B002280CD101208DF800008E
:10E920008DF80400002005918DF805000146684629
:10E93000FEF76AFF07B000BD70B50C46054600F053
:10E94000BDFC21462846BDE870407823002200F037
:10E9500059BC08B1007870470C20704770B50C00A6
:10E9600005784FF000010CD021702146F4F7C5FC6A
:10E9700069482178405D884201D1032070BD0220A2
:10E9800070BDF4F7BAFC002070BD0279012A05D0F1
:10E9900000220A704B78012B02D003E0042070475C
:10E9A0000A758A6102799300521C0271C1500320DA
:10E9B0007047F0B587B00F4605460124287905EB6E
:10E9C000800050F8046C7078411E02290AD2524926
:10E9D0003A46083901EB8000314650F8043C28469D
:10E9E000984704460CB1012C11D12879401E10F033
:10E9F000FF00287101D00324E0E70A208DF8000011
:10EA0000706A0590002101966846FFF7A7FF032C66
:10EA1000D4D007B02046F0BD70B515460A4604466E
:10EA200029461046FFF7C5FF064674B12078FE2838
:10EA30000BD1207C30B100202870294604F10C0055
:10EA4000FFF7B7FF2046FEF720FF304670BD704746
:10EA500070B50E4604467C22002109F0CFFE022547
:10EA6000012E03D0022E04D0052070BD012060705D
:10EA700000E065702046FEF708FFA575002070BD18
:10EA800028B1027C1AB10A4600F10C01C4E701204A
:10EA9000704710B5044686B0022000F00FFC2078C5
:10EAA000FE2806D000208DF8000069462046FFF7BA
:10EAB000E7FF06B010BD7CB50E4600218DF80410AE
:10EAC0004178012903D0022903D0002405E004691C
:10EAD00000E044690CB1217C89B16D4601462846AD
:10EAE000FFF753FF032809D1324629462046FFF796
:10EAF00093FF9DF80410002900D004207CBD04F190
:10EB00000C05EBE730B40C460146034A204630BC06
:10EB1000024B0C3AFEF753BEA8B2010062B20100EC
:10EB200070B50D46040011D085B1220100212846A0
:10EB300009F064FE10225049284609F03FFE4F4874
:10EB40000121017044704560002070BD012070BD3E
:10EB500070B505460024494E11E07068AA7B00EBB1
:10EB60000410817B914208D1C17BEA7B914204D1A0
:10EB70000C22294609F011FE30B1641CE4B2307851
:10EB80008442EAD3002070BD641CE0B270BD70B551
:10EB90000546FFF7DDFF002805D1384C2078617865
:10EBA000884201D3002070BD6168102201EB001083
:10EBB000294609F003FE2078401CC0B2207070BDC9
:10EBC0002E48007870472D490878012802D0401E51
:10EBD00008700020704770B50D46002191701446F2
:10EBE0001180022802D0102815D105E0288890B1A4
:10EBF0000121A17010800CE0284613B1FFF7C7FF78
:10EC000001E0FFF7A5FFA07010F0FF0F03D0A88967
:10EC10002080002070BD012070BD0023DBE770B5AF
:10EC2000054614460E0009D000203070A87801284F
:10EC300006D003D911490A7890420AD9012070BD43
:10EC400024B1287820702888000A507002200870AB
:10EC50000FE064B14968102201EB00112046103921
:10EC600009F0ACFD287820732888000A6073102012
:10EC70003070002070BD0000B7B2010060000020BD
:10EC80002DE9F041064640004FF0000401D57048E0
:10EC90000460B0044FF001054FF0FF3707D56D4811
:10ECA0004560C0F80042C0F808736B480460C6F3C2
:10ECB0008030C6F3C031884200D0FFDF16F4404FE9
:10ECC00012D066484560C0F8087365488560C0F892
:10ECD0000042C0F8087363490C600A1D1560856026
:10ECE000C0F808730C601560BDE8F04100F09EB8F4
:10ECF00070B520240021012320FA01F2D20720D090
:10ED00004AB2002A10DB00BF4FEA52164FEA8606CD
:10ED100002F01F0506F1E02603FA05F5C6F880515A
:10ED2000BFF34F8FBFF36F8F0BDB02F01F054FEA6E
:10ED300052124FEA820202F1E02203FA05F5C2F80C
:10ED4000805201F10101A142D6D370BD70B50D46CC
:10ED500004460021012000F059F800210B2000F0AA
:10ED600055F80021082000F051F80421204600F059
:10ED70004DF804210D2000F049F804210E2000F088
:10ED800045F804210F2000F041F80421C84300F0A9
:10ED90003DF800210C2000F039F80421002000F09B
:10EDA00035F800211E2000F031F80621284600F039
:10EDB0002DF8BDE870400621152000F027B870B589
:10EDC000294C0D462060FFF75BFF2068FFF790FF9E
:10EDD00006F052FF00F0C5F800F028F8F4F77BF8D1
:10EDE000284600F089F8BDE8704006F0F5BF10B580
:10EDF0001D4C2068FFF744FF2068FFF779FF00F003
:10EE000015F80020206010BD0A2070474907090E40
:10EE1000002804DB00F1E02080F80014704700F0C7
:10EE20000F0000F1E02080F8141D7047104910B564
:10EE30000E4808600F4B112003EBC0040022C4F8F9
:10EE40001025C4F81425401CC0B21428F4D310BDFA
:10EE500004E5014000D0004004D5004000E000403F
:10EE600000F0004000F50040680000200000FEFFB8
:10EE700008F5014000F0014070B526494A68EAB142
:10EE800000231D4601248A68521C8A600C2A00D384
:10EE90008D600E7A04FA06F24E6816420BD0EFF33C
:10EEA000108372B64C6894434C6003B962B68968AB
:10EEB0000160002070BD5B1C0C2BE4D3052070BDED
:10EEC000144890F90000002809DB00F01F0201211E
:10EED00091404009800000F1E020C0F80012704726
:10EEE000EFF3108172B6012282400A4843681A4348
:10EEF000426001B962B6E3E7064900224A608A60CF
:10EF0000087070470121814002484068084000D0E5
:10EF1000012070476C0000202DE9F04115460E4697
:10EF20000446002700F0DEF8A84215D30023412054
:10EF30000FE000BF94F84220A25CF25494F8421013
:10EF4000491CB1FBF0F200FB12115B1C84F842106B
:10EF5000DBB2AB42EED3012700F0D0F83846BDE873
:10EF6000F0816C4910B5002081F8420081F8410021
:10EF7000433181F8420081F84100433181F8420079
:10EF800081F84100644809F06EFE6348401C09F0B6
:10EF90006AFEF3F76FFEBDE8104000F0AFB80A4616
:10EFA00001465C48B8E75B48433000F09BB80A462E
:10EFB000014658484330AFE74021017000207047B8
:10EFC00010B504465348863000F08CF820700020BD
:10EFD00010BD0A4601464F4810B58630FFF79CFF2A
:10EFE00008B1002010BD42F2070010BD70B50C46FC
:10EFF0000646412900D9FFDF48480068103840B272
:10F0000000F052F8C5B20D2000F04EF8C0B28542B3
:10F0100001D8012504E0002502E00DB1F3F761FEFF
:10F02000224631463B48FFF777FF0028F5D070BDF8
:10F030002DE9F041384F002506463F1D57F8254081
:10F04000204600F040F808B36D1CEDB2032DF5D357
:10F050003048433000F037F8002824D02D4800F025
:10F0600032F800281FD02B48863000F02CF80028FA
:10F0700019D0F3F718FE284809F0E2FD233000D03C
:10F08000FFDFBDE8F041244809F0F1BD94F84100EC
:10F090004121265414F8410F401CB0FBF1F201FB52
:10F0A00012002070D4E75AE7002804DB00F1E020CA
:10F0B00090F8000405E000F00F0000F1E02090F867
:10F0C000140D4009704710F8411F4122491CB1FB43
:10F0D000F2F302FB13114078814201D10120704705
:10F0E0000020704710F8411F4078814201D3081A70
:10F0F00002E0C0F141000844C0B2704710B50648B4
:10F1000009F09EFD002803D1BDE81040F3F7B6BD1D
:10F1100010BD00007C0500207800002004ED00E018
:10F12000F0B57C4B0446002020265A6804275B7803
:10F130000FE000BF00EBC00506EB850C12F80CC019
:10F14000A44504D107EB850555598D4204D0401CD8
:10F15000C0B28342EED8FF20F0BD2DE9F0416D4CE6
:10F16000054600216278606808E000BF01EBC1033A
:10F1700000EB8303AB4203D0491CC9B28A42F5D8E5
:10F180008A4215D901EBC101202202EB8107C65D3D
:10F1900000EB810009F080FE10B96168FF20C855BE
:10F1A000A068696850F826203046BDE8F041104755
:10F1B000BDE8F0812DE9F0411C4615460E46074694
:10F1C000FF2B00D3FFDFA80700D0FFDF514800214D
:10F1D000C0E901578470C67001704170BDE8F0410C
:10F1E00009F054BE70B54B4C06462578E078854250
:10F1F00000D3FFDFA06840F825602078401C207015
:10F20000284670BD2DE9F05F424D0746FF2428785F
:10F210001E4693468A46B84200D8FFDF00212023CD
:10F220004FF004096A78686813E000BF01EBC10C75
:10F2300003EB8C0810F80880B8F1FF0F0ED0B8452A
:10F2400005D109EB8C0C50F80C80D0450BD0491C33
:10F25000C9B28A42EAD8FF2C02D00AE00C46F6E78F
:10F26000A9788A4202D1FF20BDE8F09F1446521CC3
:10F270006A7006B9012604EBC40203EB820109EBB4
:10F280008203475440F803A0082303EB82030121C3
:10F29000C15421490C234E4303EB820340F8226002
:10F2A0001E49C1505FEA0B0100D0022100EB820031
:10F2B00009F004FE00B1FFDF3846D5E770B5FFF76F
:10F2C0002FFF0546FF2817D0124C05EBC5066068D6
:10F2D00000EB860009F070FE10B1163000D0FFDFA1
:10F2E0002022616802EB8602FF2088546078401E6D
:10F2F000A84200D16070002070BD10B5FFF710FF6C
:10F30000044900EBC0004968BDE8104001EB8000F3
:10F3100009F0C2BD4806002090D003005BF1000058
:10F32000114908784A78401CC0B2904200D0087059
:10F3300070472DE9F0414FF0E0260B4C09F034FD09
:10F3400040BF20BF677820786070D6F80052F1F790
:10F35000EAFF854305D1D6F8040210B92078B842F7
:10F36000ECD00020BDE8F081880000204548002155
:10F370000170417010218170704770B505461646C6
:10F380000C460220F3F73EFC3E490120F61E0870B1
:10F390003D4806603C4808380560001F046070BDA9
:10F3A00010B50220F3F72EFC36490120087000F05A
:10F3B00051F836494FF40000086010BD10B5314CCB
:10F3C000207888B131494FF40000091D086000F031
:10F3D0004AF8002120B1012060702D48006801E04A
:10F3E00061701020A0702170BDE810400020F3F77C
:10F3F00009BC244810B5017859B12648D0F800015D
:10F4000028B100F030F8002800D0012010BD022003
:10F4100010BD407810BD10B5C824641EE4B2FFF7DB
:10F42000E8FF022803D0012800D0002010BD002CE6
:10F43000F3D1FFDFF9E7134810B5017841B100F0CF
:10F4400012F818B112480068C0B210BD102010BDEB
:10F45000807810BD0F480021C0F80011C0F80411D9
:10F46000C0F8081170470B48D0F8001129B1D0F846
:10F47000041111B1D0F8080108B100207047012033
:10F4800070470000C100002010F5004004F5014065
:10F4900000F4004000F000404D4800210170417030
:10F4A000704770B5064614460D460120F3F7AAFBD7
:10F4B00048480660001D0460001D056070BD2DE910
:10F4C000F04105460C464248424901260670091F94
:10F4D00045EA0240086009F0F8FA30B93D481030BA
:10F4E000016821F0FF01214301603B4C0027C4F873
:10F4F00004713A494FF00078C1F800805DB1012DE8
:10F5000000D0FFDFC4F8007226603449091FC1F83B
:10F510000080BDE8F081C4F800622660F9E72C485D
:10F52000017871B12D4A4FF0007111602A49D1F86C
:10F53000042100211AB12A4A1268427000E0417089
:10F5400001700020F3F75EBB2148017841B12248E9
:10F55000D0F80401002802D021480068C0B27047EA
:10F56000407870472DE9F04700282AD018480078E5
:10F5700000B9FFDF184DD5F80401002821D102277A
:10F58000C5F80473174C2068C04340F30016206888
:10F5900040F0100020604FF400484FF0E029761C46
:10F5A00004E000BFC9F8808209F0FEFBD5F8040131
:10F5B0000028F7D01EB9206820F010002060C5F8A0
:10F5C0000873BDE8F0870449012088607047000097
:10F5D000C400002008F5004000F0004008F501409C
:10F5E00000F4004010ED00E000B5012804D002282E
:10F5F00005D0FFDF002000BD41F6146000BD41F2E0
:10F60000301000BDFB4808B50021C0F80011C0F85B
:10F610000C11C0F81011C0F80411C0F81411C0F892
:10F620001811F5480068009008BD2DE9F04140220E
:10F630000021F24809F0E2F800F0DFFE09F027FAB5
:10F64000EF4DEF4E0024EE4F0835103628B909F083
:10F6500028FA10B909F02FFA08B1242206E009F0BF
:10F660006AFA10B909F05DFA40B14022FF2138462C
:10F6700009F0C4F82C603460BDE8F0813822F5E769
:10F68000E04800B5016801F00F01032905D00068CA
:10F6900000F00F00042802D0FFDF012000BD02208F
:10F6A00000BD00B5012804D0022804D0FFDF0020EF
:10F6B00000BD282000BD182000BD10B5CF4902684C
:10F6C0001839CE4C0A6342684A63007A81F83800E0
:10F6D000207E50B1207FFBF738FAA07E08B10121CF
:10F6E00000E00021207FFBF720FA607E00280CD08C
:10F6F000607FFBF72AFAE07E08B1012100E00021DB
:10F70000607FBDE81040FBF710BA10BDBE494860ED
:10F71000704700F07ABE10B500F077FEB94840306F
:10F720000168032902D000680B2800D1FFDF10BD5B
:10F7300070B5012000F043FEB448002404600126A7
:10F74000066009F0CEF9B24D18B1286840F4806027
:10F75000286009F0BAF928B12868AE4920F069009C
:10F760000843286009F0CDF938B1A948001D0168A7
:10F7700021F47F4141F4B0510160A549A6483C31D4
:10F7800008604FF01020006E411C05D09D497C316F
:10F790000A6860F317420A609A4940F25B602831B8
:10F7A0000860091F40F203100860081F06609549B1
:10F7B00003200860964940F20110EC3908608D4E34
:10F7C0000225C6F800529649944808608A4996482E
:10F7D0000C39944AC0F81015C0F81425874806F56E
:10F7E00000761838A0F848401830C46280F83C40D1
:10F7F000012000F0F5FD1020C6F804014FF0E020D4
:10F80000C0F8005180484068002802D0BDE8704030
:10F81000004770BD08B5FF208DF800007548002135
:10F82000C0F810110121016105E000BF9DF8001032
:10F83000491E8DF800109DF8001019B1D0F8101174
:10F840000029F3D09DF80000002800D1FFDF08BD9B
:10F850006A48C17A012916D0022913D1417E0029B4
:10F8600010D0827F0121C37F01FA02F299400A433E
:10F870006B490A6090F820006C4A002102EB80007E
:10F88000C0F810157047017EE9E72DE9F041594CA9
:10F89000D4F804031026C0F30015C4F8086302204E
:10F8A000C4F80002554800275D4980F83C705B4869
:10F8B0000860FFF7CDFF53484030006808B1FFF7FC
:10F8C000A9FFC4F8107100F098FD002D01D0C4F814
:10F8D0000463D1E6494910B5886B514A40F4800071
:10F8E0001060002088630874C8628862504908600C
:10F8F000091D0860091D0860091D08604949403953
:10F90000C1F84001C1F84401C1F84801C1F84C01F7
:10F91000FFF7BBFF012000F052FDBDE810400120C1
:10F9200000F05EBD354A0368183AC2F81A30808884
:10F93000D083324801727047304890F825007047F4
:10F940002E4A517010707047F0B505468400294862
:10F950008B882044C0F820360B78D1F8011043EA98
:10F960000121C0F8001605F108000127284C07FA0C
:10F9700000F6FC3C52B1012A00D0FFDF2068304382
:10F9800020602068AF4038432060F0BD2068B0435D
:10F99000F6E71A4981F8210070471A4AC1781432F3
:10F9A00011600068174900020C3108607047134964
:10F9B00081F822007047114890F82200252807D0CE
:10F9C000262807D0272807D00A2807D8042206E0CF
:10F9D000022107E01A2105E0502103E0062202EB94
:10F9E0004001C9B2074A083A11600649443108602B
:10F9F000704700000010004018110040C4090020AA
:10FA0000000E004010150040C8000020FC1F004000
:10FA10003C170040960000802C00008900000E0476
:10FA200008F501404080004090F001400060004037
:10FA30004085004030B5FE49CA7A012A0BD0022A1F
:10FA400044D14B7E002B41D0012A06D04B7FCA7E89
:10FA50005AB101240AE00B7EF4E70B7F8A7E0AB1DB
:10FA6000012400E00024112201E00024242210449B
:10FA7000F04A1060180284F0010240EA025040F09F
:10FA8000031291F82000EC4B03EB8004C4F810251E
:10FA90008A7FEB4C03EB800004EBC203E74DC3F815
:10FAA0001055C3F81405CB7FE64D04EBC301C1F834
:10FAB0001055C1F81405012000FA02F198400143E5
:10FAC000E1480160E1490020C1F84C0130BDE04847
:10FAD0000168032904D00068022801D0002087E7CC
:10FAE000012085E7DA4801680B2904D000680A285C
:10FAF00001D000207CE701207AE7CD4800B590F8DE
:10FB00003C00C10710D081070FD5D248D0F80012B1
:10FB100041F00101C0F80012FFF7E4FF18B9FFF748
:10FB2000D6FF002800D0FFDF00BD4007FCD5C94844
:10FB3000C34908309831C1F81405C448D0F84801C9
:10FB40000128F1D1FFDF00BDB9480146427A91F8A2
:10FB50003C1012B1012A03D006E041F0020101E09D
:10FB600041F0040180F83C10C7E72DE9F041B04CAA
:10FB70000746884694F83C00C00700D1FFDFB24931
:10FB8000B5480860B34DD5F8000240F00100C5F853
:10FB9000000294F83C0040F0020084F83C0040462B
:10FBA00006F038FCFFF707FF012617B1012F06D03A
:10FBB0000CE0404600F03EFCE6722E6006E000F0ED
:10FBC0003EFC0220E07200F041FC6E609F48C6647B
:10FBD00098480068BDE8F0412CE72DE9F0479A4EBF
:10FBE00007469D4889463060914C94F83C0040F0AF
:10FBF000020084F83C00084606F00CFCFFF7DBFE30
:10FC0000DFF85082002517B1012F25D03BE0484690
:10FC100000F010FC607A012805D1D8F8001241F0FC
:10FC20000801C8F800120120E072A06B40F48010B7
:10FC3000A0634FF4801030604FF47A71B9F1020F75
:10FC400008D040F6340000BF49F6EC721044B0FB17
:10FC5000F1F518E00846F7E700F0F1FB607A0128BB
:10FC600005D1D8F8001241F00401C8F800120220B2
:10FC7000E072A06B40F40010A0634FF400103060FD
:10FC8000292500F0E3FBFFF75FFF0BF079F8006830
:10FC9000012805D00020FFF7CDFE2846BDE8F087FB
:10FCA000FFF7F3FD0020F9E72DE9F05FDFF8988119
:10FCB000074669488B461646C8F800005C4D95F823
:10FCC0003000B04202D0104606F0A4FBFFF773FEEE
:10FCD000DFF880A100244FF001093FB3012F3DD090
:10FCE000FFDF5448001F046054485549001F9831F5
:10FCF000C1F81005A86B4FF4802140F40020A863E0
:10FD0000C8F800101022CAF804234900C8F80010EF
:10FD1000FFF71AFF4D49C1F84C9046480068A042D1
:10FD200000D3FFDF2046BDE8F05F83E6304600F0F9
:10FD300081FB022E0FD040F6340000BF49F6F85187
:10FD40000144584600F092FB0446504600F09AFBEE
:10FD500085F80B90C5E74FF47A70EFE700F06FFB82
:10FD600000F074FB49F6BA71584600F07FFB044678
:10FD70003848001D00F086FB0220E872B1E72DE94B
:10FD8000F0412B4C07460E4694F83100002500B98F
:10FD9000FFDF17B1012F0DD017E094F8310094F870
:10FDA00030100128304602D006F042FB0BE006F08E
:10FDB0005BFB08E094F8310094F8301001283046DD
:10FDC00005D006F060FBE16A4518284654E406F0C9
:10FDD0003AFBF8E71EE51E490068143920F07F4021
:10FDE000086005E6014612481822183808F0E6BCFB
:10FDF0001A490870FCE516494C3908600C4810F89F
:10FE00003C1F41F00101017077E62DE9F041084CFB
:10FE10000546E06AA84200D3FFDF01200B4E2074A4
:10FE200065617064034F083F3868A84219D317E032
:10FE3000C40900204C850040006000404C81004017
:10FE400000F001401011004004F501400080004026
:10FE5000501500400010004000000404C8000020BD
:10FE6000FFDF0020C6F8440160693860BDE8F0415A
:10FE700000F011BB70B5FF4C064602202074962599
:10FE8000FFF7FEFB024694F8310094F83010012889
:10FE90000DD0284606F02AFBF74960610020C1F822
:10FEA00044016169E06A0844F449086070BD334662
:10FEB000284606F0F6FAEFE7F1490860F148D0F875
:10FEC000001241F04001C0F8001291E5ED48D0F871
:10FED000001221F04001C0F80012E949002008603A
:10FEE00086E5E848D0F8001221F01001C0F80012B1
:10FEF000012181617CE5E3480021C0F81C11D0F8A4
:10FF0000001241F01001C0F8001271E5DD4908B59A
:10FF1000D1F81C21012A01D0002008BDD84A183A86
:10FF2000126802F07F02524202700020C1F81C01E8
:10FF3000D54800680090012008BD38B5CD4D00249B
:10FF4000287C20B1CC48D0F84401012807D00022F9
:10FF5000E97ACC48012904D002290AD019E001220B
:10FF6000F6E7D0F80C11012901D0002411E0082493
:10FF70000FE0D0F80C11012906D00021C34B1B68FB
:10FF8000012B03D0042402E00221F7E700240C43F4
:10FF9000144314F00B0F05D1D0F81011012906D02D
:10FFA00000210C43BA490978C90702D025E0102185
:10FFB000F7E7B349E0310A6812F0FF0F03D0D0F839
:10FFC0001421012A00D0002285F83220096811F09E
:10FFD000FF0F03D0D0F81801012800D0002085F8C9
:10FFE0003300AA481030006885F83400FFF701FAA2
:10FFF000012800D0002085F83500FFF703FBE0065C
:020000040001F9
:1000000006D5200704D4E87A012801D144F0200461
:10001000A04800680090204638BD2DE9F0411E46FA
:1000200015000F46044600D1FFDF2146914CE8073A
:100030006172667302D0012D00D0FFDF47B102204C
:10004000A0722573012805D0022800D0FFDF40E40C
:100050000120F5E7E07A0228F9D1BDE8F04100F08F
:10006000EEB92DE9F041834C0D46A27AA2B1217B75
:100070008B0703D5830701D543071BD4CB0605D5D2
:1000800094F8333013B194F835309BB10B0709D590
:1000900094F8243073B905E080497F48086000F087
:1000A000ACF928E0490702D594F8251011B110F0F9
:1000B000110F02D0FFF7E9FB1DE0012A01D0012654
:1000C00000E00026607A01280DD0002700F095F9A5
:1000D00096213046FFF753FE014647B13D358D422C
:1000E00003D9002072E60127F0E701206072627BED
:1000F0003046FFF7D9FD012068E62DE9F84F5E4D47
:100100004FF00108C5F84C80D5F84C715B480830B9
:10011000006800905E480078042800D3FFDFFFF7F6
:1001200097FB544C5D49A06B086056480026A663B7
:10013000D0F8001221F00D01C0F8001284F83C60E4
:10014000D0F80C0108B9C5F84080FFF7F6FE054667
:100150004A48001F0068E062FFF792FA84F8300016
:10016000E07ADFF81CB184F83100B246ABF15C0BE9
:10017000A662022808D1607830B1DBF80010097857
:100180000140207888431AD084F824A0394EDFF843
:10019000EC90A807A6F1180604D5D9F80000A062D3
:1001A00031698847280702D5D9F80000A062716933
:1001B000E06A884736480078C00703D021E084F819
:1001C0002480E3E7DBF800105846097801F00F01BE
:1001D000072914D20168DA460622A01C093108F06A
:1001E000DCFA40B9217ADAF800000078B1EBD01FD0
:1001F00001D1012000E0002084F8250001E084F80E
:1002000025A04FF0000A28460099FFF72AFF20B9E1
:100210001C49C1F810804FF0010AE80702D030688D
:10022000804750E0A80741D5607E08B107B9FFDFDD
:1002300068071ED408F065FCD8B908F052FCC0B9B4
:10024000124850300068C0F34257C0F3006300F01A
:100250000F02C0F30311C0F3032053B10AB101B17F
:1002600038B90A485430006818B1032F01D245F05C
:10027000040515E0C40900200080004044850040CA
:1002800060150040001000401C11004000140040A8
:10029000C8000020448100400000040408F501402B
:1002A00045F380005146401C72680BE015F0280FA2
:1002B00009D0207E08B107B9FFDF45F34011B268CD
:1002C0005046491C9047E80601D5F0688047E07A1F
:1002D000022817D1207C002814D002280ED0012833
:1002E00000D0FFDFE16A6069884200D8FFDF616902
:1002F000C9F80010BDE8F84F00F0CDB86169E06AB8
:100300000144F5E7BDE8F88FFFF755BB70B56749C5
:1003100005460220C8722846FFF78CFB644C3D3529
:100320002560644D0020C5F84401FFF76BF90120FA
:10033000A864201D00682168884200D3FFDF70BDDB
:1003400070B50C460546FFF783FA2846FFF7DEFF37
:10035000002C03D058494FF40030086070BD574955
:1003600010B50020C1F80002012006F053F85249F0
:10037000534808605448514A5249121DC0F810159C
:10038000C0F814254D4A5048143208304F49C0F87F
:100390001015C0F814254B494B480C31121F103072
:1003A000C0F81015C0F8142543494FF43810091F40
:1003B000086010BD40494FF43810086011E500286E
:1003C0000DDB00F01F02012191404009800000F187
:1003D000E020C0F88011BFF34F8FBFF36F8F00E5AF
:1003E000002809DB00F01F02012191404009800034
:1003F00000F1E020C0F88012F3E42C4800214172A3
:100400008172C17201210173EBE430B5002405460D
:10041000012902D002290AD0FFDF2D4804432D48CC
:1004200004602D4805432B48001D056030BD4FF08A
:100430008074F2E71D4890F9210005F0ADBF1B481C
:10044000817A012901D1407BF4E7CAE410B508F0B4
:1004500058FB002809D108F044FB002805D11D48AD
:100460005430016841F4C021016010BD0F4A527A36
:10047000012A06D04FF47A7201F5FA71B1FBF2F15C
:10048000401AAEE40949497A002903D10E491031D6
:10049000C1F81405A5E40548816B41F4800181632E
:1004A00005494FF48000091F08609AE4C409002040
:1004B000448500400080004008F5014000100040E5
:1004C000000004041011004088F001404481004005
:1004D00008011000141500400000030210B5434845
:1004E0002222002108F08AF940480024017821F0F6
:1004F00010010170012101F088FD3C494FF6FF70A9
:10050000263981F82240888439490880488010BD06
:10051000E4E700F05FB8354901607047344908806E
:100520007047324926398A8CA2F57F43FF3B02D0BF
:100530000021016008E091F822202C492639012A87
:1005400002D00160012070470020704727482638FC
:1005500010F8221F012908D00121017024482349E5
:100560002639008888840120704700207047204980
:10057000488070471D491E4B26398A8C5B889A42F9
:1005800005D191F8222012B10160012070470020AE
:1005900070471648164A2638818C5288914209D1F4
:1005A0004FF6FF71818410F8221F19B100210170EC
:1005B00001207047002070470C480D4A2638818C76
:1005C0005288914204D190F8220008B1002070476F
:1005D00001207047054926398A8C824205D10020C6
:1005E00081F822004FF6FF70888470472A0A0020A5
:1005F000D00000207047534A012338B1012804D1AC
:1006000013700868906088889081704753700868FC
:10061000C2F802008888D08070474A4A10B1012889
:1006200007D00EE0507860B1D2F802000860D088A0
:1006300004E0107828B190680860908988800120D3
:100640007047002070473F4910B1012802D005E0F3
:10065000487800E0087808B1012070470020704712
:1006600030B58DB00C4605460D22002104A808F0D7
:10067000C5F8E0788DF81F0020798DF81E006079AC
:100680008DF81D0010222946684608F097F8684644
:1006900005F08CFB20789DF82F1088420CD16078F3
:1006A0009DF82E10884207D1A0789DF82D10884221
:1006B00002D101200DB030BD0020FBE730B50C4663
:1006C00005468DB04FF0030104F1030012B1FEF7AF
:1006D0006EFC01E0FEF78AFC60790D2220F0C0007C
:1006E00040F040006071002104A808F087F8E0782D
:1006F0008DF81F0020798DF81E0060798DF81D009F
:1007000010222946684608F059F8684605F04EFB65
:100710009DF82F0020709DF82E0060709DF82D0030
:10072000A070C7E710B5002904464FF0060102D0BB
:10073000FEF73DFC01E0FEF759FC607920F0C000B7
:10074000607110BDD400002030B50B4D0446286800
:10075000E040C00700D0FFDF01202968A040084327
:10076000286030BD04480068704703480088C0F323
:1007700000204000401C7047E4000020FE48007844
:10078000002800D00C20704710B50446FFF7F6FF94
:1007900000B1FFDFF848047210BDF7490120C871AD
:1007A000704730B4F44B4AB95A7A9C7AA24205D1C8
:1007B00090F83D2090F83C40A2420BD031B15A7ADB
:1007C00090F83D1030BC1046FEF7A5BF9A7A90F81D
:1007D0003C10F7E730BC704770B50C460546082B57
:1007E00001D0194600E00421104601F0FEF90DB9D0
:1007F000001D80B2844200D22046C0B270BD2DE9F7
:10080000F047814600F014FC044600F00DFC06465B
:100810004FF4A4721B2194F83D30807CFFF7DCFF7D
:10082000D54F0546D548B8624A4601212046FFF714
:10083000B8FFB07C4FF00008E0B1D0482230FFF79D
:10084000DAFACE49483181F81880D6E91602C1E9B2
:100850000402A1F1260202F12600B96AFEF721FE88
:1008600094F83D0000F0D6FB024629460120FEF731
:1008700026FE04E0B86AFFF7BEFAFEF750FEB9F1B3
:10088000000F02D14046FFF7F5FA94F83C30002102
:10089000012208462434FFF7C0FB2078012801D14B
:1008A000FFF729FB02203870BDE8F0872DE9FC47EF
:1008B000044600F0B9FB054600F0BAFBDFF8B8A229
:1008C00007460AF1240A22460021FFF76AFF6879E9
:1008D000A94C4FF01B08012608B3012842D002287A
:1008E00055D003285FD0FFDF616A0823087820F025
:1008F00008000870AA7903EAC202104320F004003D
:100900000870EA79042303EA8202104320F0100001
:100910000870206BFBF7A9FFC0B3012155E000F080
:1009200091FB01464FF4A4704FF0000901F05DF90E
:100930001B2800D94046ADF804005046FFF71AFEC8
:1009400030B14FF48060616A00F075FBEE70CBE768
:100950006A4601A9206B00F05BFB606210B195F85C
:100960003D1019B15046FFF7D6FDBDE79DF80010C8
:1009700031B9A0F8009080F80290012101F05AFBF3
:10098000BDF80410606A01F0DEFBADE712E0ADF8DF
:1009900004806A4601A9206B00F03AFB60620028DF
:1009A000A2D1FFDFA0E75046FFF7E4FD00289BD16E
:1009B000FFDF99E7606A0078C043800704D0FFF743
:1009C000FBFD80F0010100E00021606A027842EA4C
:1009D00001110170697CD9B14178C9B167482230F1
:1009E000FFF709FA654848300676D5E91412C0E9E0
:1009F0000412A0F12601626AFEF753FD97F83C004D
:100A000000F008FB0246FB210020FEF758FD03E042
:100A1000FFF7F1F9FEF783FD012297F83D3011460B
:100A20000020FFF7FAFA2671606A018861828078F7
:100A300020752670BDE8FC872DE9F0434E4D87B048
:100A4000804628780E9F1C461646894610B90EB17E
:100A500004B107B9FFDF2F62C5E906640026C5E9C6
:100A60000E89EE71AE71EE70AE702E716E71EE8108
:100A70002E8200F0D9FA074600F0DAFA0446FEF7B3
:100A800057FEFEF74CFD94F93F00FEF782FF04F19C
:100A90001600FFF7A0F904F11200FEF77EFFF87EC2
:100AA000FEF785FF94F83C100020FFF796F8002829
:100AB0005ED00320FFF79CF918223149684607F001
:100AC0007DFE6846FFF78EF92088FCF73EFC286320
:100AD0002088FCF728FC686394F8470078B9206CFC
:100AE00068B1788D3988884209D1B4F84410012260
:100AF0000844788594F84600216C0AF0F3F907F170
:100B00006001DFF8788091E80E1008F148091F2095
:100B100089E80E10396FC8F86110796FC8F8651050
:100B2000A8724FF4A4721B2194F83D30B87CFFF7F3
:100B300053FEB97C01B104210844C0B268721F2879
:100B400000D9FFDF0120FFF7B1FE0E48006803283F
:100B500001D00B2800D1FFDF0848C8F87060C8F842
:100B6000746070303988418021880180F97E01717C
:100B700007B0BDE8F0830000E8000020500A002024
:100B8000D0B201005015004010B5FEF77EFEFEF712
:100B9000C6FC00F04DFA044690F82400012801D16B
:100BA000FFF79FF994F8470038B9206C28B100226C
:100BB00094F8460011460AF095F9FC4C208A00F0A2
:100BC0005DFA226AA179A0789047F948417C51B139
:100BD000A0F170010A6F8A674A6FCA670121017428
:100BE000207A08F09BF80020207010BDEF4810B567
:100BF000017821B10078012800D0FFDF10BDBDE8E9
:100C00001040C1E730B5EA494A7C8AB10A7C7AB122
:100C100000221D23A1F170040A7442700370A56FB5
:100C20004560E56F85600D7C002DF5D1012030BD5C
:100C3000002030BDDE4948747047DC4810B50078AC
:100C4000022800D0FFDFDA490120C871BDE810405A
:100C50009AE7D6480078002800D095E7704770B52D
:100C6000D24C054639B9012D05D1E078401CC0B2FF
:100C7000E07001282CD8E1692846884740B3CC4869
:100C80006179703831B1012D04D1417811B9017801
:100C9000C9061DD5A179D9B9012D01D0002070BD9B
:100CA000C24912310978CA0604D40078C00601D4BA
:100CB000012000E00020E26A2AB9A2891AB1C9061F
:100CC00001D4012100E00021E28910430843E6D06D
:100CD000012070BD10B5B54CE06A00B9FFDFA289F4
:100CE000D4E90A10D21C07F069FDE06AA06210BDC9
:100CF0002DE9F047064600F097F9AC4D0446A86A86
:100D000047780EB1012E03D1696B05F00DFC6870B8
:100D100068784FF000084FF0010938B1012816D06B
:100D200002282FD0032844D0FFDFBDE5012E30D0AC
:100D3000FFF7D0FF39460122686BFBF707FE26E07C
:100D400084F8078030E000BF84F807902CE0012E83
:100D500008D0FFF7BFFF39460022686BFBF7F6FDAE
:100D6000022EE2D0D4E91601401C41F10001C4E991
:100D70001601E079012802D084F8079094E584F800
:100D8000078091E5012E04D0686BFBF765FF022E0A
:100D9000CBD0D4E91601401C41F10001C4E9160191
:100DA000E0790128D0D1CBE7287ABDE8F04707F0F9
:100DB000B5BF012EB9D0686BFBF74EFFF4E72DE904
:100DC000F041074600F030F9044678480026012536
:100DD000816A0A7802F00302012A15D0022A13D090
:100DE000032A03D0817941F0040124E0A570028A2E
:100DF00042F400620282012000F01DF91DE0E6715C
:100E0000BDE8F081E571FBE74978B1B1028A42F4AF
:100E100000620282C26A002AF2D01B2908D8C07977
:100E200020B1BDE8F041802000F028B93D70E7E72F
:100E3000817941F010018171E2E7E0790128E1D187
:100E4000DDE72DE9F0410E46804600F0EDF8574D04
:100E500004462878012800D0FFDFA078012728B1B8
:100E60000020A0700146042000F0E5F8696A0878C7
:100E7000C043800709D16079C8B9022000F0DBF8CF
:100E8000686A0078C043800711D0686A407810B162
:100E90000220607100E0677136EA080604D0012183
:100EA0000020FFF7DCFE20B1BDE8F0416CE6032036
:100EB000EFE7BDE8F0410020A1E42DE9F84F8A46B4
:100EC000814600F0B1F8394C002605468DF80060E7
:100ED0002078022800D0FFDF208AB9F1000F40F40B
:100EE00000702082324865D04179491C4171A87C4C
:100EF000FEF738FBFEF728FB4FF0010868B9A87C25
:100F000058B1A06A417841B10078E979C0F3C000D6
:100F1000884202D184F8028065E0A06A4178A1810C
:100F200021B1606BFBF7CCFCE06200E0E662208A56
:100F300040F020002082E67000F076F8064600F0CF
:100F400077F8074690F82400012817D1FEF7C9FF6B
:100F50003146384600F076FD80B114483A88383082
:100F60004068A0F80621327A80F80821727A80F869
:100F7000092180F80481207A07F0D0FEA06AA979BF
:100F80000078C0F38000884205D000F07CF8208A09
:100F900040F480702082A06AE9790078C0F3C00034
:100FA000884212D16846FFF70AFF0EE0E8000020F1
:100FB000C00A00208179491C8171A87C08B1FEF724
:100FC00002FB208A40F040002082BAF1000F04D1D9
:100FD00049460120FFF743FE48B19DF8000010B1DB
:100FE0000020FFF785FEFFF7CFFDBDE8F88F9DF8E5
:100FF000000010B10120FFF77BFE0020FFF756FC38
:101000009DF800000028F0D00220FFF771FEECE709
:10101000FBF765BB00B5012802D0022802D0FFDF34
:10102000002000BD012000BD3748406848307047AF
:10103000354840687047344A383AD3890343D381EE
:101040009269104710B5FFF7F3FF0446FFF7ECFF76
:10105000017B2D4A212908D0407B212805D094F816
:101060003C00042800D1082010BD506890F8EA1018
:1010700094F83C00BDE8104000F03BB8224A002143
:10108000383A9269104770B5FFF7CEFF04464079B1
:1010900000282BD0022810D11B4D383D286BFBF7C0
:1010A0004AFB00B9FFDFD4E91401401C41F1000103
:1010B000C4E91401287A07F031FE00256571E07853
:1010C000012678B1E570FFF764FA00B9FFDF00216F
:1010D0000820FFF7B0FFD4E91401401C41F10001E2
:1010E000C4E91401A079012801D0A67170BDA571D1
:1010F00070BD002904D0012803D0012901D00220AD
:101100007047012070470000200100202DE9F041C8
:101110000F4606460024F64D0FE000BF05EBC40065
:1011200090F85311B14206D10622394600F5AA7053
:1011300007F033FB38B1641CE4B22878A042EDD844
:101140001020BDE8F0812046FBE72DE9F041E84D95
:10115000074690462C780E46601C2870102C00D351
:10116000FFDF05EBC4003168C0F85411B188A0F866
:10117000581180F8537180F85A812046E1E770B524
:10118000054600F08CFA10281CD1D94C2078401E5E
:10119000C0B22070A84215D004EBC00204EBC50118
:1011A00002F58070D2F85321C1F85321D0F85700CE
:1011B000C1F85701207800F072FA102802D02044BC
:1011C00080F8035170BD2DE9F047C94C0646A719B8
:1011D000A078401EC5B2A57097F80381AE422AD010
:1011E00004EB051A04EB06190AF1030109F10300E7
:1011F000102207F0E3FA0AF1830109F183001022BB
:1012000007F0DCFA601905EB450290F8031187F846
:10121000031106EB460104EB420204EB4101D2F854
:101220000B31C1F80B31B2F80F21A1F80F2190F862
:101230003B0187F83B0104EBC80090F85A01C00756
:1012400003D14046BDE8F04799E7BDE8F087A849DB
:101250008A78824203D9084490F8430170470020FD
:10126000704710B540F2D3120021A14807F0C6FA2A
:101270000822FF219F4807F0C1FA9E480021001F65
:10128000017041704FF46171418010BD70B50D4621
:101290000646FFF73BFF964C102807D004EBC00131
:1012A00091F85A11C90701D0012070BD6178082951
:1012B00010D2102808D004EBC000012180F85A1188
:1012C0006078401C6070EFE7012229463046FFF746
:1012D0003CFFF5E7002070BD70B5854D2878401EB5
:1012E00044B20AE005EBC40090F85A01C00702D0EE
:1012F000E0B200F0E5F9641E64B2002CF2DA7D4938
:101300000020091F487070BD79498A78824203D94C
:1013100001EB0010C01C7047002070472DE9F0471A
:1013200001251F4691462C460026FFF7EFFE1028A8
:1013300023D0DFF8BC8108EBC00191F85A1101F00D
:10134000010600F0ACF90346102816D007B13B7037
:101350001846FFF7D9FF80B198F80210404699422D
:1013600003D9C11891F84B4100E0002408EB0300B9
:1013700090F83B01012805D0002549EA06002543E5
:10138000284062E70125F8E72DE9F04798469146A5
:101390000C460546FFF7BAFE0646102805D000F0B9
:1013A0007EF9102801D012204FE7514FB878082855
:1013B0002AD2102E05D1002221462846FFF7C5FE6D
:1013C0000646BC781022601CB87007EB0415E81CB8
:1013D000494600F00CFB05F183001022414600F065
:1013E00006FB1021404600F0F3FA3C44102184F83B
:1013F0004301484604F5967400F0EAFAE07704F8F1
:10140000296C0020E07320E707201EE7384810B55C
:101410008078401E44B204E0E0B2FFF7D4FE641EC0
:1014200064B2002CF8DA10BD3249091F0870704709
:101430003048001F0078704740B14AF2B811884226
:1014400004D82C49091F48800120704700207047AC
:101450002848001F4088704710B5FFF757FE102836
:1014600003D000F01CF9102800D1082010BD20493D
:101470008A78824203D901EB001083307047002044
:1014800070471B4B10B59C7884420FD9184490F8D4
:10149000030103EBC00090F853310B70D0F85411E6
:1014A0001160B0F858019080012010BD002010BDDF
:1014B00070B5104B1B1F1B7873B10D4B9C785CB142
:1014C000451821460AB1D81C01E0094883302A4654
:1014D000FDF753FF012070BD002070BD10B5FDF772
:1014E0009AFF18B1BDE81040FDF7A5BFFF2010BD61
:1014F000D20A00202C01002076498A78824209D93C
:10150000084490F8030101EBC00090F85A0100F084
:1015100001007047002070472DE9F0410024254666
:101520006C4E29E006EBC50797F85A01C00721D099
:10153000284600F0B4F80346FFF7E6FE0146002017
:10154000102B09D0F21892F83BC1BCF1010F02D068
:1015500092F84B2102B10120401E01420AD15E489F
:1015600007F5AA7103552046641C97F85321E4B28D
:10157000FEF7EAF96D1CEDB23078A842D2D8E0E56A
:1015800070B500263546534C18E0601990F83B21A1
:1015900090F80311012A02D090F84B0160B14E4837
:1015A00004EBC101731C855591F853213046DEB21E
:1015B00001F5AA71FEF7C8F96D1CEDB2A078A8423A
:1015C000E3D870BD012273E7424A01EB410102EB0F
:1015D00041010268C1F80B218088A1F80F01704712
:1015E0002DE9F041064600243A4D19E02046FFF768
:1015F0003EFF030012D0281990F8430170B904EBA4
:10160000440005EB400707F20B17324639461846EF
:10161000FFF754F838462146FFF7D6FF641CE4B2C2
:10162000A878A042E2D88CE5014610222B4800F0B1
:10163000DEB92A48704727498A78824203D90A18B6
:1016400092F843210AB10020704700EB400001EB03
:10165000400000F20B1070472DE9F0410E4607469E
:1016600015460621304600F0B3F91A4C58B1002057
:1016700004E02118401C81F83B51C0B2A17881429E
:10168000F7D801205DE531463846FFF7E5FE08282A
:1016900003D0204480F83B51F3E7002051E50D4989
:1016A00010B5034600208A7806E00C1894F8034130
:1016B0009C4204D0401CC0B28242F6D8102010BD1B
:1016C00004494A78521E4A7001EBC001002281F899
:1016D0005A2154E5D20A00202C010020A50C00203C
:1016E00000F00101400800F001021144400800F040
:1016F00001021144400800F001021144400800F0CA
:1017000001021144400800F001021144400800F0B9
:101710000102114401EB5000704710B504468022CD
:10172000002107F06BF80020A071E0712073607356
:10173000E07320746071A076E076FFF713F844F64A
:101740002B11084084F84600000A84F84700FE2068
:1017500084F87B0010BD70B504460588482200213E
:1017600007F04CF804F13400258001220272427225
:10177000282084F83E00002020646064627470BDFC
:1017800030B50024C485448E4C43B4FBF2F4448647
:1017900042F210746343B3FBF2F35B1C9BB203860B
:1017A00003FB02F4FE4DAC4201D95B1E0386FD4BE8
:1017B00040F27124B3FBF2F35B1CC386038D6343D9
:1017C00002EB03135B1EB3FBF2F34362036A4B436A
:1017D000B3FBF2F1016230BD70B50546087C0E46E0
:1017E00000F01F0008740020687604463019007B62
:1017F000FFF776FF2919641C0875697EE4B2084476
:101800006876052CF2D3C0B2252800D9FFDF70BD61
:1018100010B50446202800D3FFDFE34830F8140059
:1018200010BD30B50D460446202800D3FFDFDE484A
:1018300020F8145030BD00230362028540F271236A
:101840005A4301EB0212521EB2FBF1F141627047A2
:10185000F0B56FF01F02010C02EA90261F25A1F5DA
:10186000AA4054380DD0A1F5AA40553809D0A1F5A9
:101870002850AA3805D0A1F52A40AA3801D0012065
:1018800000E00020002213464FEA020482EA01072A
:10189000FF431F437F1C0FD006F00107520842EAA6
:1018A000C73205F001075B0876086D08641C43EA3F
:1018B000C733162CEAD3F0BD0020F0BD70B5044646
:1018C0004830054649B101291CD002292CD00329F2
:1018D00017D12146BDE870407EE7FFF71EFF204686
:1018E000FFF739FF0020A4F8E200202184F8E1107E
:1018F00084F8E00044F8C80F20636063A06384F8B4
:10190000240070BD6168A9480A460844B0FBF1F0A4
:10191000E0664BF68030A4F8700063892846FFF734
:101920002FFF21462846D5E7D4F8F0006168438AA6
:10193000C2682846BDE8704022E7437E0BB1252BE4
:1019400001D9122070472AB14B7C2BB1012B05D055
:101950001F2070470020704700F069BA00F010BAED
:10196000934A016812681140914A121D126811438E
:101970000160704770B500258E498D4C01220B78AF
:101980005B1CDBB20B70202B00D10D700E7823682E
:1019900002FA06F63342F2D0097803688A405A40C8
:1019A000026070BD70B50646007940090ED1002571
:1019B0002C46305DFFF794FE641C2844E4B2C5B2A7
:1019C000052CF6D3012D01D9012070BD002070BD7A
:1019D00010B500231A4603E0845C2343521CD2B2A4
:1019E0008A42F9D30BB1002010BD012010BD30B5E3
:1019F000134606E0CC18D51A14F8014C5B1E44556A
:101A0000DBB2002BF6D130BD70B50E468CB014465B
:101A100001461D4610226846FFF7E9FF10223146B5
:101A200004A8FFF7E4FF684604F0C0F908A94FF0E6
:101A3000100228461CB1FFF7DAFF0CB070BD06F0AB
:101A4000BDFEFAE738B505460C466846FEF75EFA75
:101A5000002820D09DF900002072E17E617294F987
:101A60000A100022411A00D5494295F825308B42D0
:101A700010DCFF2B0ED0E17A491CC9B2E17295F857
:101A80002630994202D8A17A7F2903D1A072002082
:101A9000E0720122104638BD0C2813D00B2811D05B
:101AA0000D280FD01C280DD01D280BD01E2809D0C2
:101AB0001F2807D0202805D0212803D0232801D0B3
:101AC000002070470120704710B5A2F10F030C29C8
:101AD00048D2DFE801F006080D121518272F32450D
:101AE0004735E2B33EE0072A3ED0082A3CD039E031
:101AF0000C2A39D00B2A37D034E00D2A34D031E00B
:101B00000C2B31D92EE0122A2ED0112A2CD090F88D
:101B10003E0020B1122A25D31A2A25D922E0162AFE
:101B2000FAD21FE0032B1FD990F83E00D0B11B2A38
:101B30001AD917E0042A17D014E0012A14D011E0B2
:101B40001C2A11D01D2A0FD01E2A0DD01F2A0BD0FF
:101B5000202A09D0212A07D0232A05D002E003E059
:101B6000052A01D0002010BD012010BD2DE9F04153
:101B70000C460546C66808F047FC00B9FFDFFCB11B
:101B80003046E96807F04AFC002819DD2044401E71
:101B9000B0FBF4F707FB04F1304607F017FC0BE04D
:101BA0000048E801005A6202B60C0020FF379C1C76
:101BB000E8B2010034010020E8603846BDE8F08159
:101BC0000020FBE770B5044690420BD2101B64283E
:101BD00000D2642025188D4203D8042107F000FBB1
:101BE00008B1204670BD284670BD11F00C0F17D00B
:101BF0004A074FF41671002A03DA00BF4FF01002B3
:101C000001E04FF0400201DA4FF0960101F5BC719E
:101C1000A0EB0103884210D993FBF2F080B2704729
:101C2000022902D070280AD807E03C2805D93C38A0
:101C3000C11700EB91708010F0E70020EEE77038DC
:101C4000C11700EB5170C010E8E730B50844DDE97A
:101C5000034520441044801C002D04D10BB1042105
:101C600000E00021084430BD1068886370470128F7
:101C700002D0022800D000207047F8B5CFB2064647
:101C8000C1F307242146384600F011F9F5B2C6F336
:101C9000072620B93146284600F009F940B127400F
:101CA00035403D40444665F3070465F30F2406E0E4
:101CB0002540444665F307043E4066F30F24E0B236
:101CC00000F056F88DF80000C4F3072000F050F83B
:101CD0008DF80100BDF80000F8BD30B52A24232599
:101CE000162A05D10C2807D00D2805D01C2805D0B0
:101CF00071B1162A0CD104E01C7000E01D700120A7
:101D000030BD08780128F7D00028F5D01628F5D086
:101D1000002030BD10B540F6C4125410012903D084
:101D2000022902D0FFDF02E008B1104610BD2046B4
:101D300010BD40F2E241B0FBF1F080B2704740F2DA
:101D4000E2414843704740F2E24110FB01F0704726
:101D500040F2E241B0FBF1F0C0B2704740F2E24124
:101D60004843704740F2E241B0FBF1F080B2704767
:101D7000810701D502207047C007FCD001207047C1
:101D8000F0B50C7D8B7CCD7C5C404B7D02886B403C
:101D900044EA0324467E62400023D5B2120A95FA33
:101DA000A5F592FAA2F22D0E120E45EA022202EBDE
:101DB00002125B1C2244DBB292B2032BEDD36240D1
:101DC0002523B2FBF3F403FB142301EBD304837646
:101DD00003F00707247B012505FA07F73C4201D0F1
:101DE000C3761AE05643320C521CD2B200240319B7
:101DF0001B7D934213D300230E19367B05FA03F79C
:101E00003E4201D0521ED2B222B15B1CDBB2082B83
:101E1000F4D306E003EBC401C1760020F0BDD21A72
:101E2000D2B2641CE4B2052CE1D31F20F0BDF0B5A2
:101E3000837E91F82040012504FB02322523B2FB6A
:101E4000F3F403FB142201EBD204827602F00703C1
:101E5000247B05FA03F31C4201D0C2761DE0437EC9
:101E6000B2FBF3F403FB1422521CD2B20023C418B9
:101E7000247D944213D30024CE18367B05FA04F750
:101E80003E4201D0521ED2B222B1641CE4B2082CF0
:101E9000F4D306E004EBC301C1760020F0BD121BB1
:101EA000D2B25B1CDBB2052BE1D31F20F0BD0128B1
:101EB00002D0022803D004E0012904D001E0022965
:101EC00001D00020704701207047000030B5054662
:101ED000007801F00F0220F00F001043287007294E
:101EE0000BD2DFE801F0040604060408040006240F
:101EF00005E00C2403E0222401E00024FFDF6C70E5
:101F000030BD007800F00F0070470A6840F8032FDA
:101F100089888180704750F8032F0A608088888004
:101F200070470A6840F8092F8988818070470278D5
:101F3000402322F0400203EA81110A4302707047F5
:101F40000078C0F380107047027822F0800242EAE5
:101F5000C1120270704770B544780E460546062CD3
:101F600000D2FFDFA41FA4B21F2C00D91F242246D9
:101F700005F10901304606F021FC204670BD0968D4
:101F8000C0F80F1070470A88A0F8132089784175AF
:101F9000704710F8242F01F01F0122F01F020A439E
:101FA00002707047072900D9072110F8242F22F06A
:101FB000E00242EA4112027070470A6840F81F2F9F
:101FC0000979017170474178007810F00F0005D051
:101FD000012807D0022801D0062805D1891F1F2912
:101FE00004D901E00C2901D000207047012070477E
:101FF000017801F00F01042905D14078801F1F28C6
:1020000001D8012070470020704700B5027801F028
:10201000030322F003021A430270012905D00229AA
:1020200003D0032903D0FFDF00BD002100E0012120
:10203000417000BD00B5027801F0030322F00302F5
:102040001A430270012905D0022903D0032903D0C5
:10205000FFDF00BD002100E00121417000BD0078DC
:1020600000F003007047417841B1C078192803D2CD
:10207000394A105C884201D1012070470020704726
:1020800030B501240546C170192902D23248445C9A
:1020900002E0FF2900D0FFDF6C7030BDC172090A79
:1020A000017370470A6842600979017270470079CC
:1020B00070470A6842604968816070470988818179
:1020C00070470A6840F80E2F4968416070470968F8
:1020D000C0F81610704742680A6080684860704710
:1020E000C06808607047007970470A6842604968B4
:1020F0008160704742680A60806848607047017973
:10210000490704D04079400701D0012070470020E2
:1021100070470179490704D04079400701D0012078
:10212000704700207047017170474171704781719D
:10213000090AC17170470171704700797047417198
:1021400070474079704730B50C4605461B2900D9C9
:10215000FFDF6C7030BD0000F0B2010070B50446C6
:1021600004F0BAFAE8B9F74E706890F8221000252A
:1021700039B1657007212170416A616080F8225091
:102180000FE0204600F010FE58B9706890F8281053
:1021900049B1657017212170D0F82A10616080F86C
:1021A0002850012070BD002070BDE64840680178CD
:1021B00009B1808870474FF6FF70704770B5E14CE9
:1021C0000546616891F84A00002819D091F8490045
:1021D000002815D091F83100323100F0D0FD40B127
:1021E000FFF727FA61682A46BDE870403231FEF7F2
:1021F00065BA60682946BDE870403230FEF792BA91
:1022000070BD0246CF48406890F85910002906D1A9
:10221000416D002903D090F8580008F063BE704764
:1022200070B5C84C0646C849606890F861000D5CFE
:102230002846FDF7BCFB6068012180F87650252018
:10224000FDF767FAA068FDF7D6FD4FF001010846DB
:102250001EB1FDF7C2FC10B970BDFDF786FCFDF79D
:102260004AFE012070BD70B504F065FA08B104F0B3
:1022700012FA002001F07FFCF0B1B24C606890F8D7
:102280005C00022802D00020FFF7CAFF0321A068EB
:10229000FFF798F9616881F85E0028B14025FDF7E5
:1022A0007FF82846FDF708FE6068406EFDF7ADFD3B
:1022B00000F070FD48B903E0BDE8704000F007BED3
:1022C000606890F84000022805D1012300211A46D9
:1022D0000846FDF7A2FE6068FF2180F85F1080F8D5
:1022E0006010002180F86E1080F86D1080F8811069
:1022F000032180F85C1070BD70B5924C014600223D
:10230000D4E901505C350280032902D0052904D0AC
:102310004AE00321FFF7DAFD46E00521FFF7D6FD8D
:102320006068C16BA0681231FFF729FE6068C16B5D
:10233000A0681631FFF727FED4E90106C06B41689B
:10234000408BFFF705FDB075D4E90106C06B41680D
:10235000C069FFF707FDF075000A3076D4E9010681
:10236000C06B4068FFF7E5FC7076000AB076D4E9F0
:102370000120D16B0989C176090A0177D16B49899E
:102380004177090A8177D16B0C31FFF716FE60683F
:10239000C06B90F82010A068FFF7FBFD606890F814
:1023A0008410A068FFF7FEFD05F11401A068FFF797
:1023B000B8FDE97EA068FFF7C7FD00F095FDA068B5
:1023C000BDE87040FDF717BD5E49496881F84B00D4
:1023D000704770B55B4D686890F85C10012904D0B7
:1023E00090F85C0008B10C2070BDA86804F068F992
:1023F00068680024047080F8224080F8284000F0CB
:1024000056FD6868012180F84A4080F8391080F84C
:10241000404080F8614080F84B4080F881400721BF
:1024200000F8381F80F82040C46180F82140002067
:1024300070BD444910B5886000F0F5FCFFF7C9FF96
:10244000002800D0FFDF10BD70B53E4C054686B0B9
:10245000606890F85C1021B1012902D00C2006B010
:1024600070BD29684166FDF763F9FDF72FFDFCF7A4
:10247000A5FF0220FDF7BCFC33491822093168464C
:1024800006F09CF96846FDF7ADFC2F48C01EFDF72D
:10249000A2FC2D48C01CFDF780FA606890F831104E
:1024A0003230FDF73FFA0F210720FDF749FAA06807
:1024B000FDF7A1FC287910B10120FFF7A2FE6168A9
:1024C0000020032591F8383091F86120521CB2FBAE
:1024D000F5F605FB162281F8612023FA02F2D207F5
:1024E00003D1401CC0B20328EED391F94B00FDF795
:1024F00050FA0120FFF794FE0028B0D000F099FCBC
:10250000606890F8390040B1FFF73AF80F4800686A
:10251000032805D00B2804D102E0FEF7FDFFF5E704
:10252000FFDF00209BE710B50020FFF76AFE05489B
:10253000406890F85C0058B1012809D002280AD000
:102540000C2010BD380100200FB3010050150040D1
:1025500000F0BDFC01E0FFF786FE0020F1E7F64940
:10256000496881F8380070472DE9F041F24C054682
:10257000164660680F4690F8300000F0EFFB58B147
:1025800055B9384600F0DEFB3146FEF765FF0828F6
:1025900002D00120BDE8F081606890F8300000F0C2
:1025A000D1FBBDE8F041FEF74EB8E34810B54068F6
:1025B00090F8300000F0C6FBBDE81040FEF743B8CD
:1025C000DD49496881F830007047DB49496881F886
:1025D0004A00704710B5D84C606890F8300000F0A1
:1025E000B1FB616881F831003231FEF716F860689E
:1025F00090F8300000F0B2FB616881F85D0091F85E
:102600003100323100F0B2FB30B9616891F831002D
:10261000323100F0B4FB08B1012100E00021606814
:1026200080F8491019B990F85D10002989D000216F
:10263000C16708F0DBFC6168486491F85D0010B187
:102640000020FEF7CDFFBDE810400020B6E578E79A
:1026500040B1022806D00022B749496801F8392F55
:10266000087270470122F7E770B5B34C15460E4665
:10267000002816D04FF00002616801F8392F487227
:102680004FF0080081F8290014D1304600F05AFBC1
:102690002946FEF7E1FE6168082881F8620003D050
:1026A00008E04FF00102E7E7304600F057FB08B1C1
:1026B000122070BD002070BD10B59F4C03286468C7
:1026C00009D1E1633BB184F84C201968C4F84D107E
:1026D0009988A4F8511084F84000002031E7964909
:1026E000496881F86C000020704710B500F052FB7B
:1026F000914928B1486890F8420001280ED00CE0BA
:10270000496891F84000012801D0022805D191F8CC
:102710004100012803D0032801D0002011E7012047
:102720000FE78548406890F84000704710B50020DA
:10273000FFF767FD00F0BBFB00F075FB7E49002052
:10274000496881F82800FCE610B500F023FB7A49BF
:10275000012230B1486880F82A20C36B1B8883852A
:1027600004E04B68002083F82A009885486880F8C8
:102770002820E6E67049496881F88400704710B562
:1027800004460078C00707D0002360781A4619462F
:10279000FFF792FF00280CD1674BA078596881F8A9
:1027A0003000E078FFF754FF5968207981F838004D
:1027B0000020C6E6604A5268536D2BB192F858303B
:1027C0008B4201D00C20704782F8581042F8540F09
:1027D00000205071704758484068416D51B1002247
:1027E00040F8542F01214271007981405348016023
:1027F000104670470C2070474F48406890F85C10B6
:10280000012905D090F85C00002801D000F05FBBE2
:10281000704770B5484C0646606890F8395090F89B
:102820005C00032800D0FFDF072E2AD2A068FFF744
:1028300087FB616881F87700A068D0F8032041F831
:10284000702FB0F807208A80C11C0078C0F3801078
:1028500000F095FA616891F85E1039B130B1FEF779
:102860003DFE616801F85F0F01208873636893F88B
:102870005F00FF2807D083F86000FEF73DFE284385
:1028800070BD002070BDA16893F839205F3311F846
:10289000030BBDE87040C0F38010FEF73FBD1CB5D0
:1028A00000286DD0244C606890F8400002282DD09C
:1028B000012845D000F06EFAE8B3A1686068CA78D4
:1028C00090F84D309A424CD10A7990F84E309A42A5
:1028D00047D14A7990F84F309A4242D18A7990F89C
:1028E00050309A423DD1CA7990F851309A4238D14D
:1028F0000A7A90F852309A4233D1097890F84C20F5
:10290000C1F3801191422CD101212BE001A800F0EC
:102910007EFA9DF9040000906068FF2190F87630FF
:1029200090F86020323003F00DFF6168012081F8DB
:10293000810005201CBD28E03801002008F5014079
:1029400001A800F064FA9DF9040000906068FF217E
:1029500090F8763090F86020323003F0F3FE0320D8
:10296000E8E7002190F8420001280CD059B9F84955
:1029700091F86200082803D091F85F10814202D0DC
:10298000FCF783FFEBE70620D4E7FFDFFEE72DE946
:10299000FC47F04C8246606890F85D0098B10020DA
:1029A000A1688046002511F8090BC00900F0E7F97D
:1029B000064600F0EFF940B1606890F8391021B197
:1029C00090F8620004E00120EAE7606890F85F0098
:1029D0008146FEF74CFD07000CD04846FEF737FC59
:1029E00008B14FF001082EB1A16838460931FDF752
:1029F00037FE0546606800F1320990F8301090F813
:102A0000410021F00207022801D0032807D136B186
:102A10000DB10F4603E0A068FE2700F1090900F0A0
:102A2000B9F9A0B3A1686068CA7890F84D309A42AD
:102A300021D10A7990F84E309A421CD14A7990F807
:102A40004F309A4217D18A7990F850309A4212D179
:102A5000CA7990F851309A420DD10A7A90F85230E2
:102A60009A4208D1097890F84C00C1F38011814254
:102A700001D1012600E00026B54C94F85F0008283B
:102A800006D094F86210884202D1012701E01FE0CD
:102A900000272DB9B8F1000F04D0FCF74DFF08B1A5
:102AA000012000E00020BAF1000F08D094F8421095
:102AB000012902D019B93E4301D0012100E00021D3
:102AC000084202D00620BDE8FC87FCF7DEFE2CE0C1
:102AD000FCF7DBFEBAF1000F27D0FCF72DFF00B9A1
:102AE00065B101A800F093F99DF9040000906068B9
:102AF000394690F8763090F8602013E0606890F8DE
:102B00004100032801D002280FD176B101A800F0BE
:102B10007EF99DF9040000906068FE2190F87630FF
:102B200090F86020484603F00DFE0320CBE770B517
:102B3000884C0546606890F84000012805D00228BE
:102B400003D000F027F900B9FFDF8DB1A068FFF7CF
:102B50003AFA18B9A068FFF74BFA48B100F01AFA30
:102B6000072839D2DFE800F030343816381A2C0044
:102B7000606890F85C00032803D0042806D0FFDFCB
:102B8000FEE700F038F900F092F901E000F033F9C7
:102B9000FCF77BFEBDE87040FFF765BB032000F04B
:102BA000EAFFA8B10320FFF7A7FB01231A46194645
:102BB0000020FDF732FA6168052081F85C0070BDE5
:102BC000BDE8704000F0B6B9BDE8704000F02BB928
:102BD000BDE8704000F07BB9FFDF70BD2DE9FC411E
:102BE0005C4C6F466068007800B1FFDF60680025CC
:102BF0008570C16B0A8882804868FFF79AF861681F
:102C00004883C86B02898A834089C88381F8205031
:102C10006946A068FFF77FF9A0680078C0F38016C6
:102C2000606890F85D0020B13946304600F0A7F8A2
:102C300040B9606890F84A0060B13946304600F00B
:102C400095F838B160680099C0F80E10BDF804100E
:102C5000418203E06068C0F80E504582616891F8D7
:102C60006000FF2811D001F10802C91DFEF709FC20
:102C700000B9FFDF6068C17941F00201C171016FE5
:102C80004161B0F87410018309E091F87700C871D0
:102C9000086F8860B1F8740088814D610D836068A9
:102CA00001210170C26B90F84B1082F83F10C06B8D
:102CB0000088FAF738FBF9F7E5FFBDE8FC8110B5AD
:102CC00018B1BDE8104000F002B9002908D0214C2D
:102CD000606890F85C00052803D006280ED0FFDF5E
:102CE0002FE4A068FDF787F8FDF705F90020FDF750
:102CF000C1F86168042081F85C0022E400F0D7F894
:102D000000F091F80020FFF769FFBDE810400320B4
:102D100001F012B80F4810B5406890F85C00032825
:102D200009D004280DD100F066F8FCF7AEFDBDE82F
:102D30001040FFF798BA00F05EF8BDE8104000F0D0
:102D4000C6B80BE440B1022806D00120704700004D
:102D5000F80C0020380100200020F7E7022803D0FB
:102D6000032801D00020F1E70120EFE7012802D17C
:102D70004879800901D00020E8E70120E6E7012832
:102D800006D148790121B1EB901F01D10120DDE787
:102D90000020DBE7E448406890F84000032801D0B9
:102DA0000020D3E70120D1E770B5DF4E04467168FB
:102DB000087800281ED0002565701420207020227D
:102DC000201D891C05F0FAFC257271680D7081F8D0
:102DD0002850D64882888284C26B527C80F8262094
:102DE000012280F82220C86B0088FAF79CFAF9F7D4
:102DF00058FF012070BD10B5CB48FDF787F810B91A
:102E0000C9497F200870BDE81040FDF76AB830B5A9
:102E1000C54C054620787F2800D1FFDF2078287038
:102E20007F20207030BDC0490020496881F85C00D7
:102E30008CE72DE9F041BC4C0026606880F8816089
:102E400090F8491011B990F85D0050B308F0CEF831
:102E5000804660684146406C06F0E0FAB44F054693
:102E600090FBF7F007FB10504142404606F0AEFAE7
:102E70006168486495FBF7F0CA6F1044C867FEF7B5
:102E8000E7FA6168CA6F90420BD8C1F84480CE67F8
:102E900091F85D0010B10120FEF7A2FB0120FFF7C1
:102EA0008DF96168022081F85C00BDE8F08110B501
:102EB0009D4C606890F85E00002807D0FDF706F88A
:102EC000FCF77CFA6168002081F85E0006E410B52A
:102ED000FFF7EDFF94490120496881F85C00BDE8E7
:102EE0001040002000F028BF70B58F4C606800F1E2
:102EF000320590F8316090F85D0088B1FFF74AFF25
:102F000030B1606890F8391011B190F8620002E0B9
:102F1000606890F85F00FEF78EFB08B10126054659
:102F20002946A068FEF7F1FF3146A068BDE8704071
:102F3000FEF7FDBF70B57C4C042065685C3500F081
:102F40001AFE20B306202870012000F0F5FEA068CC
:102F500061680078C0F3401081F878000520FFF721
:102F6000CBF97248A2682024C16B4B7C117804EA2B
:102F7000431321F0200119431170C16B2B7F4A7C50
:102F80001A404A74C06B282180F83E1070BDBDE81D
:102F900070409CE7F8B5644C606890F85C000328CA
:102FA00003D0042805D0FFDFFEE7BDE8F84000F0BD
:102FB00049B8A068FEF7A5FF064600F017F80546D9
:102FC000FCF763FCFFF717FF042E0DD165B16846CF
:102FD000FFF71DFF60689DF9003010F8762FC17A69
:102FE00010F8160C03F00EFC0320F8BD4E4988685B
:102FF0004968C27891F870309A4221D1027991F8EB
:1030000071309A421CD1427991F872309A4217D1AC
:10301000827991F873309A4212D1C27991F8743062
:103020009A420DD1027A91F875309A4208D100780F
:1030300091F87710C0F38010884201D1012085E615
:10304000002083E67CB5FFF7D6FE374CA068FEF77C
:1030500058FF05460121FFF7DCFB3DB3012D28D0C9
:10306000022D04D0062D1ED0FCF70FFC19E00546FA
:10307000FCF70BFCADB1606890F84000012801D06E
:1030800002280ED101A8FFF7C2FE9DF904000090AE
:103090006068FF2190F8763090F86020323003F0BD
:1030A00051FB032408E000F00BF804E0FFF7F7FB06
:1030B00001E0FFF76CFC0446FFF7F9FE20467CBDFB
:1030C0001CB538B1184C606890F84000022804D054
:1030D000012817D0FCF7D9FB23E001A8FFF797FEE2
:1030E0009DF9040000906068FF2190F8763090F818
:1030F0006020323003F026FB62680520002182F850
:10310000811017E401A8FFF782FE9DF904000090EA
:103110006068FF2190F8763090F86020323003F03C
:1031200011FB032006E4000038010020F80C002009
:1031300040420F0070B50446082812D0042C12D06B
:10314000022C12D008260025012C10D0FFDF4FF4EE
:10315000A870082C15D0042C11D00021022C12D0FC
:1031600007E04026EFE71026EDE70426EBE72A25E7
:1031700000212820084416FB050080B270BD2E21D6
:10318000F8E74021F6E71820F4E710B504460020E0
:1031900004F8E00F4FF6FF716078FEF742FB6078AD
:1031A000E03C07F015FC00B9FFDF202084F8E100C7
:1031B00004F1C800BDE8104002F080BB70B50446C1
:1031C0000146002003F006FA064694F83C1094F8F5
:1031D0003D200020E56A00F063FE854201D92D1AEA
:1031E00000E0002594F83D2094F83C10002000F009
:1031F00057FE6168081AB54201D2314600E02946FF
:10320000814203D2B54202D2354600E00546A562AE
:1032100094F83C0094F83D1000F02EFE2146BDE8E5
:10322000704000F59C734FF49072002003F0DCB9FD
:103230002DE9FF5F064691F854000025D1F81C9057
:1032400017460C460D281ED00C281CD021281AD059
:1032500094F85500212816D000208046039818B114
:103260000121204602F05CF994F8E000DFF81CA48C
:103270004FF0010B48B1012847D002282FD0032876
:1032800043D0FFDF4BE00120E7E707B9FFDFFF484E
:1032900094F83C101C3090F82000FEF73BFD94F8A9
:1032A0003C50DAF808204FF47A73022D15D040F61E
:1032B000340500BF4AF2DF173D44B5FBF3F3DAF8FB
:1032C0001810C31A03EB09001144451884F8E0B044
:1032D00020462D1DFFF772FF20E01D46EAE7DAF8D1
:1032E0000400791E084300D1FFDFE948016801EBC3
:1032F000090537B1DAF8040000F51670A84200D9C4
:10330000FFDF032084F8E00008E0656837B1DAF8F1
:10331000040000F51670A84200D9FFDF05B9FFDFF1
:103320002946D4F8C80006F051F8C4F8C800F06087
:1033300000203070B7203081204602F052F9A8F109
:103340000101084202D186F80AB005E094F8E000D5
:10335000012814D00320B07286F80BB0206B706087
:10336000039800283BD029463046FEF7FFFB87B282
:10337000204602F036F9B8F1000F02D013E0022027
:10338000E9E7B8420FD8074686F80AB005FB07F10F
:10339000D4F8C80006F01AF8F06029463046FEF767
:1033A000E5FB384487B23946204602F0B9F8F068A8
:1033B000C4F8C800206C002811D0B4F84800B4F854
:1033C0007220801A01B2002909DD34F8440F01444B
:1033D000491E91FBF0F189B201FB0020E085BDE8B8
:1033E000FF9F70B505460C46012000F02DFDC6B2CA
:1033F0000B2000F029FDC0B2864200D0FFDF082C70
:103400007DD2DFE804F004353D3D397C545D28462B
:10341000FEF7FEF90621F9F753FE040000D1FFDFA5
:103420002846FEF7F5F92188884200D0FFDF94F89E
:10343000E00000B9FFDF204601F002FB934D0020C1
:103440006860A861E16A6068884200D2014620464F
:1034500000F041FDE8602046616800F03CFD286115
:10346000206BA0F59C706861BDE8704007F092BCCD
:10347000BDE8704001F049BBBDE87040FCF73DBEBF
:103480002846FEF7C5F90621F9F71AFE040000D117
:10349000FFDF2846FEF7BCF92188884200D0FFDF15
:1034A0002046BDE870400122002100F003BDFCF77A
:1034B00091FCFCF722FEBDE87040012000F0B7BC93
:1034C0002846FEF7A5F90621F9F7FAFD040000D118
:1034D000FFDF2846FEF79CF92188884200D0FFDFF5
:1034E00094F8E000042800D0FFDF2046FFF74DFEEF
:1034F0006748001F0078BDE8704005F00FBCFFDF93
:1035000070BD70B5FFF767F9604C00251C34E5709D
:103510002577A5612570207D07F05AFA00B9FFDFF5
:10352000257570BD70B5594D1C35287F05F12C04EB
:10353000002828780BD0052800D0FFDF204600F0B7
:1035400071FC70B12046BDE8704002F024BA052835
:1035500007D1204600F066FC18B9A869C83002F00F
:10356000ADF92046BDE8704002F0A8B910B5474C4F
:103570001C34207800B9FFDFFFF7D4FFE07840B1BA
:10358000207F30B9FFF7E0F84148001F007805F0D0
:10359000C5FBBDE81040B4E770B53C4C01461C3497
:1035A000E06A05F03BFF6568A27890FBF5F14AB14F
:1035B000626A05FB01F39A4202D901FB152200E081
:1035C000002262624D43002800DAFFDF2946E06AEC
:1035D00005F0FCFEE06270BD2DE9F05FDFF8AC9015
:1035E000054609F11C094846D9F808204FF0000AA1
:1035F000C9F82820002961D007F0F8FC40F6B8315E
:1036000005F0E4FE834602F092F9804699F8000046
:1036100009F12C07052828D1D9F818004C46D0F814
:10362000CC0002F08DF906464045A06906D031462F
:10363000C83002F05CF90020786109E0C830786198
:10364000A169206BD1F8CC10884200D208462063D3
:10365000A46904B9FFDF36B1D6E900010844001DB2
:10366000C4F8C80001E0C4F8C8A04146384602F0DA
:103670003EF9D9F804605FEA08004F465A4610D078
:103680000168D8F804000844314603E0800D0020AA
:103690004801002002F06BF90446B04202D9FFDF76
:1036A00000E000242146584605F090FE0646786862
:1036B0004142304605F08AFEF8620EE00446C08BB7
:1036C00038B36168E06A05F081FE00BFFFF764FF70
:1036D0006168E06A05F07AFE064631464C46D9F844
:1036E0000470D9F82C0005F099FEB0FBF7F107FB48
:1036F000110088B10020E073A078A8B13146E06ADB
:1037000005F08CFE626A01468A4207D2C4F828A0FE
:103710000AE007F06BFCD9E70120ECE7A06A511A38
:10372000884200D30846A062EE6085F800A0012020
:10373000E872B7202881A06A68602078042804D144
:10374000E08B0A2801D2032000E00220A872E08B5F
:1037500078B128466168FEF709FA82B25FF000008E
:1037600004EB4001401CCB8B10F0FF001344CB83D3
:10377000F6D0E8682061E18B0120491CE183FFF766
:10378000D9FC05460120FBF72FFF4AF2A13108447E
:103790004FF47A71B0FBF1F02844A16AD130814234
:1037A00002D30120BDE8F09F0020FBE72DE9FF4197
:1037B00007460C46012000F047FBC5B20B2000F085
:1037C00043FBC0B2854200D0FFDF20460026012522
:1037D000F84C082867D2DFE800F004324848446615
:1037E0005963657325736078002826D1A56A012086
:1037F000963DFFF79FFC2D1A0120FBF752FF054471
:103800000120FBF7F1FE4FF47A7100F2E730B0FBD4
:10381000F1F0281A0090E74DE07B8DF804001C3D84
:1038200068466E60AE612673FEF70EFE00B1FFDFE4
:10383000A06AD138686107F0ADFABDE8FF81607811
:1038400040B1207B08B9FEF771FF6673BDE8FF4108
:1038500000F009BBA573FEF766FE0028EDD0FFDF80
:10386000EBE7BDE8FF41FCF748BC00216846FFF7E5
:10387000B3FE38B16946384600F0FCFA0028DCD1C6
:10388000FFDFDAE7E570FFF771FED6E7FCF7A2FA93
:10389000FCF733FC04B00120BDE8F04100F0C7BAEA
:1038A000BDE8FF4162E6FFDFC7E7C24940B1012240
:1038B0008A7042F2107250434A681044486270475E
:1038C000002088707047F0B5BA4C0023BA4F606092
:1038D00018463D5C154208D051F8235004EB83068E
:1038E000A5F590755B1CDBB2B560401C10F0FF00C5
:1038F000EFD012F00E0F00D0FFDFF0BD2DE9F04148
:10390000AC4C00272078042805D02078052802D068
:103910000C20BDE8F08101206070607B002670B152
:10392000EFF3108572B6607B38B1A07B28B1FEF74B
:10393000FDFE6673A67300F096FA25B104E0207DC3
:1039400006F03AFF00E062B6207D07F065F8FFF769
:10395000E9FD6670207F00B10C27FFF7D2FD3846E5
:10396000D7E7944810B5007808B1FFF7C7FF00F01B
:10397000C0FA002010BD914908B50870442200210A
:103980008C4804F03BFF8B4920201C220875894895
:1039900000211C3804F032FFFFF7E3FF42F2107001
:1039A0000090012269468010FFF78DFF08BD7FB5AA
:1039B000804C0D46217811B10C2004B070BDA0617F
:1039C00090F8E00000B1FFDF7A4900201C398861DF
:1039D00005212170607020774FEA000204EB42015C
:1039E000521CC88312F0FF02F8D02846FFF75DFF93
:1039F00000F0ABFA2063724807F010F92075202818
:103A000000D1FFDF01216846FFF7E6FD00B9FFDFC7
:103A1000207D694600F02EFA00B9FFDF0020CCE7D8
:103A2000644810B5007808B1002010BD0620F9F7F1
:103A3000E5FA80F0010010BD38B504465D48007815
:103A400000B1FFDF0020009021780246C90703D0B3
:103A5000D4E90101012200916946FFF734FF0020FB
:103A600038BD1FB511B1112004B010BD514C2178E3
:103A700009B10C20F8E70022627004212170114680
:103A800004EB4103491CDA8311F0FF01F8D0FFF782
:103A90000CFF00F05AFA2063494807F0BFF8207580
:103AA000202800D1FFDF01216846FFF795FD00B90E
:103AB000FFDF207D694600F0DDF900B9FFDF00205F
:103AC000D2E73C498969016018E71FB5394C217874
:103AD000052901D00C20C7E736491C398860A06948
:103AE00000B9FFDFA06990F8E00000B1FFDFA06936
:103AF00090F8E100202800D0FFDF324807F08EF870
:103B0000A16981F8E1000988FDF78BFEA06990F8B2
:103B1000E100202800D1FFDF002301226846A169CF
:103B2000FFF786FBA069694690F8E10000F0A2F972
:103B300000B9FFDF0020A06196E71E491C394870DC
:103B40007047C0F8CC107047FEB50E4607461C46BD
:103B500015461046194600F08FF94FF4907100F5A4
:103B60009C700094CDE901102B4632463946002066
:103B700002F04EFDFEBD10B5982488B1032815D083
:103B8000042821D0062809D0FFDF0A481C384068E5
:103B900001190848806AE138814218D2012010BD1D
:103BA0000120FFF7C7FA00F19804EEE74FF45774CD
:103BB000EBE700009C0D002030B301004401002021
:103BC000AD370100E33301004FF4FC74DDE7002062
:103BD00010BD70B5E94C607870B1D4E90351284646
:103BE0006268FDF7EFFFE060A84205D06169401B05
:103BF0000844606107F0CEF8E1686068884201D847
:103C0000207808B1002070BD012070BD10B50446B9
:103C1000012902D1D948007830B1042084F8E000AD
:103C2000BDE8104000F01FB900220121204600F03D
:103C300041F934F8480F401C2080F1E72DE9F041AC
:103C4000CE4C01231C34CD4EA169206981F83C3053
:103C500081F83D307168A569084400F2AB686F686F
:103C600001F062FE04F12C0188420AD04246394636
:103C7000D5F8C80001F07BFE0546B84202D9FFDF47
:103C800000E00025BE4880688542A069416802D2F4
:103C90000D44C16108E02846FEF764F8A16949684F
:103CA000FEF75CF8A169C861A06941680520FEF7CC
:103CB0004AF8A1694883A069C169691AB161408B5A
:103CC000814200D3FFDF24E610B5052932D2DFE8B8
:103CD00001F00509030D2D00002100E00121BDE8E0
:103CE000104093E7032180F8E01010BDA44904467A
:103CF000091D40680860D4F8F0008068E061D4F8DD
:103D0000F000C0886083D4F8F000C0686060D4F828
:103D1000F000008A2081D4F8F000408A60812046BB
:103D2000FFF74CFA022084F8E00010BDBDE8104017
:103D3000FFF744BAFFDF10BD2DE9FF418F4D01278A
:103D40004FF00008696805F11C0408284FD2DFE82D
:103D500000F0041C1C272527474700F006F960786F
:103D600060B900216846FFF737FC30B1207D694615
:103D700000F080F810B9FFDF00E0E77000F073F8A2
:103D800084F80D8084F80E8057E5022804D00020C6
:103D900004B0BDE8F04151E70120F9E7A9604CE526
:103DA000032802D0052819D000E0A9605FF00006C2
:103DB00000F0DBF8277784F82060A0692169464687
:103DC00040F8C81F80F81880A868FFF77EFE00B191
:103DD000FFDF00F048F86673A6732EE50126E7E7DB
:103DE0006748007804B0BDE8F04104F097BFFFDFFA
:103DF00023E5704761494860704760481C3000788F
:103E0000704710B55E4C58B1012807D0FFDFA0689D
:103E100041F66A01884200D3FFDF10BD40F6C410AE
:103E2000A060F4E74069002800D001207047002816
:103E300009DB00F01F02012191404009800000F1E0
:103E4000E020C0F880127047002804DB00F1E02079
:103E500090F8000405E000F00F0000F1E02090F879
:103E6000140D4009704710B5FBF734FDBDE8104054
:103E700006F0F6BE06F09AB810B504460846FBF701
:103E8000B3FB4FF47A71022C08D040F63402104490
:103E90004AF295521044B0FBF1F010BD0A46F6E725
:103EA00010B5044608461146FFF7E6FF204400F52A
:103EB000167010BD1FB513460A46044601466846F3
:103EC000FFF7B6F994F8E1006946FFF7D3FF002841
:103ED00000D1FFDF1FBD10B50C460146002002F0E7
:103EE00079FB00F2EF20A04201D8201A10BD00207B
:103EF00010BDFEB5214C012020704FF6FF750CE07F
:103F00000621F9F7DDF8060000D1FFDF96F8E100A1
:103F100006F082FD3046FFF738F969460620F9F7CA
:103F20005CF850B1FFDF08E0029830B190F8E01083
:103F300019B10088A842E3D104E06846F9F72BF8EC
:103F40000028F1D000202070FEBD00200B4A014661
:103F500012F11C0202EB810300F590709B68491C72
:103F6000184411F0FF01F5D07047044900201C31BE
:103F7000C8830348007804F0D1BE0000800D002003
:103F800044010020F748806890F8801029B1B0F80B
:103F90007C10B0F87E20914215D290F8841029B19F
:103FA000B0F88210B0F87E2091420CD2B0F87A209E
:103FB000B0F878108A4206D290F85820B0F876000F
:103FC0001AB1884203D3012070470628FBD2002093
:103FD00070472DE9F041E34D06460F46A86800F111
:103FE000480490F8EC0030B9E27B00230121204620
:103FF000FDF76AFD10B1608E401C608631004FF005
:1040000001064FF03D0002D06077267748E029781E
:10401000022907D0012907D0AFB117F0140F07D03C
:104020001E20F1E71620EFE7A86890F8EE00EBE716
:104030003907E9D4B80701D02A20E5E7B80600D44B
:10404000FFDF2320E0E794F8380028B1A08E411C60
:10405000A186E18E884213D294F83C0028B1608F8B
:10406000411C6187E18E88420AD2618E208E814296
:1040700003D3AA6892F8EC2012B9E28E914201D3E0
:104080002220C1E7217C21B1E18D814206D30820A5
:10409000BAE7E08D062801D33E20B5E7207FB0B116
:1040A00000202073607320740221A868FFF70CFEC3
:1040B000A86890F8C310012904D1D0F8F41008784A
:1040C000401E0870E878BDE8F04104F027BEA868FB
:1040D000BDE8F0410021FFF7F7BDA2490C2889682F
:1040E00081F8C30012D0132810D018280ED0002257
:1040F00011280CD0072809D0012807D0002805D0A6
:10410000022803D021F87C2F012008717047A1F804
:104110008220704770B5934C00231946A06890F830
:1041200054204830FDF7D0FC002840D0A06890F81B
:10413000F81000293BD0A1690978002937D190F8FF
:104140005500FDF7A9FC002831D1A168B1F848005D
:104150000A282CD905220C31E06904F01EFB002549
:1041600010B3A068D0F8F410087858B10522491CA3
:10417000E06904F012FB002819D1A068D0F8F4001F
:10418000007840B9A068E169D0F8F4000A68C0F886
:10419000012009794171A068D0F8F4000178491C28
:1041A00001700120FFF799FFA06880F8F85070BDFA
:1041B00010B56C4CA1680A88A1F8162181F8140189
:1041C00091F83C0001F05AFAA16881F8180191F8C1
:1041D0003D0001F053FAA16881F81901012081F82E
:1041E0001201002081F8FC00E078BDE8104004F0E6
:1041F00095BD70B55B4CA06890F8031109B108201B
:1042000041E090F8021189B190F8880080070CD144
:104210000C20FFF762FFA068002120F87C1F01211D
:104220000171017B41F00101017370BD90F8FC1038
:104230000129FAD190F8FD100029F6D190F8550027
:10424000FDF72AFC0028F0D1A06890F83C0001F0AE
:1042500015FA0546A06890F83D0001F00FFA0646F1
:10426000A06890F8FE10284601F0FAF950B1A06855
:1042700090F8FF10304601F0F3F918B1BDE8704036
:10428000002095E71620BDE8704026E710B5FAF744
:104290008AFE0C2813D3334C0821A068D0F8F00014
:1042A0001E30FAF784FE28B1A0680421B830FAF76E
:1042B0007EFE00B9FFDFBDE8104003200DE710BD12
:1042C00070B5284CA268D56BFDF7D7FCEBB2C1B234
:1042D00000228B4203D0A36883F8EA1002E0A168B1
:1042E00081F8EA20C5F30721C0F30720814203D0FB
:1042F000A16881F8EB0070BDA06880F8EB2070BD6C
:1043000070B5184CA068483001F098F9002853D1D6
:10431000A0680023012190F857204830FDF7D4FB16
:10432000002849D1A06890F8EC1009B1022037E0CC
:1043300090F85420002319464830FDF7C5FB28B1FA
:10434000A06890F8740008B1122029E0A068002548
:1043500090F85420122A1DD006DC032A23D0112AFB
:1043600006D119E050010020182A18D0202A24D0A4
:10437000002304214830FDF7A7FB00281CD1A268C8
:1043800092F85500032824D01EDC012826D00228EC
:1043900052D130E00B2003E0BDE8704076E7062004
:1043A000BDE8704099E610F8C21F81700720FFF742
:1043B00094FEA06880F8545070BD1820FFF78DFE61
:1043C000A068A0F87C5070BD192843D01E2833D1B6
:1043D0001BE012F8C10FD07007203CE00C20FFF763
:1043E0007CFEA06820F8825F817941F00101817133
:1043F00000F82D5C20E01320FFF76FFEA068A0F806
:10440000825000BF80F8555016E092F8FC00012859
:1044100002D192F8FD0020B192F8FC00022804D0ED
:104420000AE0D2F8FE00516B01E0D2E90D10FFF76F
:1044300047FF1820FFF751FEA068483001F0FEF852
:104440000028C0D101F022F9A068483001F0F6F848
:1044500028B10FE01120FFF740FEA068D2E7A06866
:104460000023194690F854204830FDF72DFB08B181
:10447000FFF7BFFEA068483001F0E0F80028A2D1A5
:10448000BDE8704046E6FE4A0129926819D0002333
:1044900002290FD003291ED010B301282BD00328E6
:1044A00007D192F85400132803D0162801D01828F9
:1044B00004D1704792F8C3000028FAD0D2F8F00077
:1044C00017E092F8C3000128F3D0D2F8F41008786E
:1044D000401E0870704792F8C3000328EED1704761
:1044E000D2F8F000B2F848108288891A09B200297F
:1044F000F5DB03707047B2F84800B2F8FA10401AC2
:1045000000B20028F6DBD2F8F4000178491E0170F1
:10451000704770B5044690F8540000250C2810D060
:104520000D282ED1D4F8F010B4F848008988401C2A
:10453000884226D1D4F82801D14E017811B3FFDF8B
:104540003EE0B4F84800B4F8FA10401C884218D194
:10455000D4F8F400D0F80110E16040792074032110
:104560002046FDF7ABF9D4F8F400007800B9FFDF7E
:104570000121FE20FFF787FF84F85450012084F8C2
:10458000900070BD34F8AC1BC180606CC068FDF752
:10459000D0FBE16F0881606CE16F008A4881606C3C
:1045A000E16F408A8881E06F0571E16F0920087032
:1045B00034F8AC0DD4F828114880F07804F0AEFB44
:1045C00002212046FDF77AF903212046FFF77CFB04
:1045D000B068D0F8F0000078022800D0FFDF022198
:1045E000FE20FFF750FF84F8545070BD2DE9F041D4
:1045F000A34C00260327D4F808C0012580B1206908
:10460000C0788CF8C20005FA00F0C0F3C05000B9C1
:10461000FFDFA06800F8547F068580F82C5013E077
:1046200000239CF8552019460CF14800FDF74CFA80
:1046300068B12069C178A06880F8C11080F8557011
:10464000A0F8826080F884500020BDE8F08101204D
:10465000FBE770B58A4C207940070FD5A06890F829
:104660005400032800D1FFDFA06890F857100729F5
:1046700004D101212170002180F857102079800792
:104680000AD5E068C078192805D27E4951F8200083
:1046900008B1804700E0FFDF01F069F801F02AF877
:1046A0000546A078000715D5A0680023052190F8DD
:1046B00054204830FDF708FA48B1A0680825D0F822
:1046C000281108780D2800D10020087002E0002091
:1046D000FCF70EFBA068FFF71CFF284670BD2DE914
:1046E000F041674C06464FF0000560780843607063
:1046F000207981062046806802D5A0F8765004E033
:10470000B0F87610491CA0F8761001F05EF8012789
:10471000C8B1A088000505D5A06890F85A1009B165
:10472000856610E0A068816E491C816601F03EF844
:10473000A068D0E91A12914205D3856680F80A7103
:10474000E07804F0EBFA207910F0600F08D0A06850
:1047500090F8581021B980F858700121FFF7B4FA89
:104760006078304304D1FFF774FF6070FFF7C8FD35
:1047700061783046FFF72DFCBDE8F041FBF709BF3B
:104780003F494A788B781A430ED10A46012892682D
:1047900008D00879400703D592F85700072803D0BE
:1047A00001207047FFF715BA002070473449C278DE
:1047B0008968012A06D05AB1182A08D1B1F8E81040
:1047C000FDF7B5BCB1F8FA104172090A8172704761
:1047D000D1F8F01089884173090A8173704770B568
:1047E000274C05460E46A0882843A080A80703D57D
:1047F000E80700D0FFDFE660E80700D02661A807E1
:1048000019D5F078062802D00B2814D10BE0A06847
:1048100090F8541018290ED10021E0E92811012147
:1048200000F8461C07E0A06890F85410122902D145
:10483000002180F85A10280601D50820A0706805CC
:104840000AD5A0680289B0F84810304600F0CCFFC5
:104850003046BDE87040A9E770BD3EB505466846E4
:10486000FBF75FFE00B9FFDF22220021009803F072
:10487000C5FF03210098FDF7DDFB0098017803E0F8
:1048800050010020440E002021F010010170294643
:10489000FDF7F6FB0020FD4C192D74D2DFE805F082
:1048A00020180D4BADADAE1274ADAEAE66ADADAD74
:1048B000ADA0AEAEADAD85AD8D00A168009891F80C
:1048C000ED1003E0A168009891F8C410017195E023
:1048D000A068D0F8F4100098491CFDF7E3FB8DE0C8
:1048E000A068009DD0F8F000C168C088FDF730FADC
:1048F0002871A068009DD0F8F000C1688068FDF7BD
:1049000031FA6871000AA871A068009DD0F8F00023
:10491000C068FDF70EFAE871000A2872A2680098D4
:1049200052F8F01F098A4172090A81721168498A96
:10493000FDF7B4FB62E0A068D0F8F0100098091D04
:10494000FDF7B7FBA068D0F8F01000980C31FDF728
:10495000B5FBA068D0F8F01000981E31FDF7B1FB50
:10496000A1680098B831FDF7B2FB47E06269009892
:104970001178017191884171090A81715188C17161
:10498000090A01723AE038E001900290FBF7EAFE72
:1049900044F62F1108408DF80400000A8DF8050038
:1049A00001A90098FDF7A1FB28E0A168009811F883
:1049B000FE2F02714978417120E0A06890F8EB0069
:1049C000FDF755F901460098FDF7AFFBA06890F898
:1049D000EA00FDF74CF901460098FDF7A4FB0DE055
:1049E000A06890F8E5100098FDF7A5FBA06890F886
:1049F000E4100098FDF7A3FB00E0FFDFFBF7A6FD46
:104A000000B9FFDF0098FFF7D1FE3EBD10B59F4C07
:104A1000A16891F8EA200AB991F83C2091F8EB00DE
:104A200008B991F83D0081F83C2081F83D00002054
:104A3000FFF7BEFBA068BDE810400421FFF744B9B2
:104A4000F8B5924D00260446A860AE806E70AE7038
:104A50002E700088FBF762FDA8680088FBF787FDD1
:104A6000B4F8E200A968401C82B201F14800FCF7EA
:104A700064FF00B1FFDF94F8550021280CD1B4F891
:104A80004810B4F8E800081A00B2002804DBFFF769
:104A9000BDFF84F8556011E094F85400212801D03E
:104AA00022280BD1B4F84810B4F8E800081A00B274
:104AB000002803DBFFF7AAFF84F85460A4F8E26043
:104AC000FFF760FA00281FD1A868483000F0B6FD53
:104AD00020B1A86890F8C300FFF7BFFE6C480090B3
:104AE0006C4B6D4A21463046FBF7A6FFA8680023B1
:104AF000052190F854204830FCF7E6FF002803D049
:104B0000BDE8F840FBF749BEF8BD10B5FFF73AFA2B
:104B100020B10020BDE810400146E0E5BDE81040AE
:104B2000FCF764B810B5594C00230121A06890F837
:104B300057204830FCF7C8FF08B1002010BD20699D
:104B4000FDF7B5FAA16881F8EE00072081F857005B
:104B5000002081F8840081F88000EEE74B488068EF
:104B600090F854100F2901D002207047002180F8DE
:104B70005910122180F854100020704710B5434C92
:104B8000A06890F85410132901D0022010BDD0F86D
:104B9000F01000884988814200D0FFDFA068D0F87B
:104BA000F01020692631FDF796FAA1682069BC3122
:104BB000FDF796FAA168162081F85400002010BD78
:104BC00010B5324CA36893F85400162801D0022087
:104BD00010BDD3F8F000002200F11E010E30A83302
:104BE000FCF712FFA0680021C0E92611012180F81E
:104BF0005910182180F85410002010BD70B5234CB6
:104C0000A16891F85420162A01D0132A02D191F8F4
:104C100086200AB1022070BD81F8C000002581F80D
:104C2000855081F88050D1F8F0000988408888428A
:104C300000D0FFDFA068D0F8F0000078032800D093
:104C4000FFDF0321FE20FFF71EFCA068D0F828112B
:104C50000A780AB1FFDF14E030F8C02BCA8010F8E0
:104C60001419C26F1171C16F0D72C26F0D211170D5
:104C700030F8AC1CC06F418000F0D3FDE07804F048
:104C80004DF8A06880F85450002070BD50010020FD
:104C9000DF46010081470100DF47010070B5F94D93
:104CA00000242869FDF749FA032805D12869FDF792
:104CB00048FAFFF7A3FF04462046E6E7F1480069FB
:104CC00000799BE770B5EF4DA86890F854101A2949
:104CD00001D00220D9E7002480F8854080F8804088
:104CE000D0F8F01000884988814200D0FFDFA86822
:104CF000D0F8F0100C70D0F828110A780AB1FFDF54
:104D000025E090F8862072B180F886400288CA803B
:104D1000D0F828110C71D0F828210E2111700188CB
:104D2000D0F828010DE030F8AC2BCA80C16F0C71AF
:104D3000C26F01211172C26F0D21117030F8AC1CCD
:104D4000C06F418000F06DFDE87803F0E7FFA868D0
:104D500080F85440002098E770B5CA4C00231946EB
:104D6000A06890F855204830FCF7AEFE40B9A06826
:104D70000023082190F854204830FCF7A5FEF8B134
:104D8000A06890F88800800712D42069FDF7ABF97D
:104D9000A16881F88900206930F8052FA1F88A20E0
:104DA0004088A1F88C0011F8880F40F002000870CC
:104DB000A0684FF0000590F88810C90702D012E0F3
:104DC000012062E790F85520002319464830FCF78F
:104DD0007BFE00B9FFDFA068012180F8551080F844
:104DE0008410A0F88250A06890F85410012906D1D0
:104DF00080F8545080F88050E07803F08FFFA0686E
:104E000090F8021151B180F80251E07803F086FF6A
:104E1000A06890F8541009B980F88050002034E759
:104E20007CB5984C00230721A06890F854204830A6
:104E3000FCF74AFE78B369462069FDF75BF9FBF79A
:104E400091FC44F62F1108409DF80020A168024013
:104E5000002581F88E209DF8012002EA102081F8BB
:104E60008F0081F8805081F803510888A1F81E0155
:104E700081F81C51009AC1F82021019AC1F824211F
:104E8000012081F81A01E07803F048FFA06880F85B
:104E9000545000207CBDFFE70120FBE710B5794CA2
:104EA00000230921A06890F854204830FCF70CFE3C
:104EB000002806D0A168002001F8740F087301F8DB
:104EC000200C10BD10B56F4C00231946A06890F857
:104ED00055204830FCF7F8FD50B1A068002120F8BB
:104EE000821F01218170022100F82D1C002010BDBD
:104EF000012010BDF0B5634C002687B0A068334692
:104F0000314690F855204830FCF7DEFD80B1A068AE
:104F100090F8540020280ED021280CD06846FBF7CA
:104F200029FB50B1009801A9C0788DF8040005E074
:104F3000012007B0F0BD2020FBE70021A06804ABF2
:104F4000162290F85400FCF7C8FE0027012578B11E
:104F5000A0689DF81020162100F8E42F4170192157
:104F600000F88F1C00F8605C20F8627C0020E0E70D
:104F70002069FDF7C4F878B12169087900F00703CA
:104F8000A06880F83430497901F0070280F83520B4
:104F900090F8FD1021BB04E00020FFF727FB064638
:104FA00026E090F8FC1001291AD090F83DC000F1DD
:104FB0003C019C4506D10978914203D1022180F839
:104FC000FC100DE000F5827102884A8190F83420CF
:104FD0000A7390F8350048730D72E07803F09EFE76
:104FE000A0681E2180F8551080F88450A0F88270C7
:104FF00030469EE710B5234CA06890F854001C285A
:1050000001D0012010BD2069FDF783F8D8B12069D7
:105010000179407901F00702294662F3070100F0A7
:10502000070060F30F21A068012280F88020002291
:10503000A0F87C20202200F8542FD0F8AA00FFF717
:105040003FF9002010BD0120FFF7D0FA04461E20D2
:10505000FFF7AEF8204610BD70B50A4C00250921B7
:10506000A0682B4690F854204830FCF72DFD002115
:1050700018B120690079122806D020690079162815
:1050800006D01AE050010020FFF708FF054614E0A3
:10509000A06890F854201C2A0FD180F8541080F892
:1050A000801008218E3000F0D1FAA0680B218E30DC
:1050B00000F0CCFA1A20FFF77BF82846E5E510B59A
:1050C000FA4C00230121A06890F857204830FCF7E3
:1050D000FBFC002808D1A068082180F857100021A7
:1050E00080F8801080F8841010BD70B5EF4C00235C
:1050F0001946A06890F855204830FCF7E5FC0025DB
:1051000010B1A06880F88450A0680023194690F878
:1051100054204830FCF7D8FC002802D0A06880F862
:105120008050B2E510B5E14C00231946A06890F814
:1051300054204830FCF7C8FC00B9FFDFA168042008
:1051400081F8540010BD10B5D84C00231946A06852
:1051500090F854204830FCF7B7FC00B9FFDFA16895
:105160000C2081F8540010BD10B5D04C0023194616
:10517000A06890F854204830FCF7A6FC00B9FFDF87
:10518000A1680D2081F8540010BD10B5C74C002354
:105190001946A06890F854204830FCF795FC00B9F7
:1051A000FFDFA068012180F885100F2180F85410DE
:1051B00010BD10B5BD4CA06890F85400122800D066
:1051C000FFDFA068012180F88610112180F85410BB
:1051D00010BD10B5B54C00231946A06890F85420B6
:1051E0004830FCF771FC20B9A06890F8860000B93F
:1051F000FFDFA068012180F88510132180F854108A
:1052000010BD10B5A94CA06890F85400182800D023
:10521000FFDFA1681A2081F8540010BD70B5A34DBE
:105220004FF00004A86890F8881089070DD490F812
:105230005420002319464830FCF746FC00B9FFDF34
:10524000A968012081F8540003E080F8804080F8CC
:105250000241A8680023194690F855204830FCF711
:1052600033FC002802D0A86880F884400DE510B512
:105270008E4C00231946A06890F854204830FCF763
:1052800023FC00B9FFDFA168052081F8540010BDA0
:1052900086490020896881F88400704710B5834CE6
:1052A00000231946A06890F854204830FCF70CFC05
:1052B00000B9FFDFA1681C2081F8540010BD70B553
:1052C0007A4CA06890F8EA1011B990F8EB1069B127
:1052D0005FF0000190F85530212200251E2B07D0E9
:1052E00090F85430202B17D0FFDFCEE40121F1E7F6
:1052F00061B180F8555090F8FC00012802D10020DF
:10530000FEF756FFA06880F8FC5001E080F85520B9
:10531000A06880F88450B8E429B180F85450002087
:10532000FEF746FF01E080F85420A06880F8805026
:10533000ABE45E490020896881F8550081F884005B
:10534000704770B50C46154606464FF4987200211A
:10535000204603F053FA268005B9FFDF286844F899
:10536000F00F68686060A868A0638EE4F7F7B2BFCA
:105370002DE9F0410D4607460621F7F7A1FE041E70
:1053800044D0D4F828110026087848B14A882188EA
:105390008A4205D1092813D00E2820D00D282DD0FF
:1053A00094F81A01A0B36E70082004F58E7405F805
:1053B000040B94E8070085E8070004F8026C73E02A
:1053C0006E7009202870D4F82801416869608168EE
:1053D000A9608089A881D4F82801067064E0084695
:1053E000F7F7A1FF0746F7F762FC70B96E700E2061
:1053F0002870D4F828014068686013E00846F7F781
:1054000092FF0746F7F753FC18B10020BDE8F08182
:105410000FE06E700D202870D4F828014168696093
:1054200000892881D4F8280106703846F7F739FC3E
:105430003AE094F80A0130B16E701020287084F8B8
:105440000A61AF8030E094F80C0140B16E701B200F
:10545000287084F80C61D4F80E01686024E094F898
:10546000040168B16E701920287004E084F80461AA
:10547000D4F80601686094F804010028F6D113E01E
:1054800094F812010028C1D06E701520287007E032
:1054900084F81261D4F814016860B4F81801288106
:1054A00094F812010028F3D10120AFE75001002049
:1054B000E14A5061E248D170E0498160E149C1614F
:1054C000E149C162E1490161E1494161E149416468
:1054D000E1498161E1490163E1494162E149C16416
:1054E000E1498164E14941636430E1498160E14916
:1054F000C161E1490162E1494160E1490160E1497D
:105500008162E149C162E149C160E1498161E149EA
:105510000163E1498164E149C164E1494164704743
:1055200070B50D46044649E0B4F8E200401CA4F80A
:10553000E200B4F87600401CA4F87600204600F0A3
:1055400044F990B1A06E401CA066204600F02EF9F0
:10555000D4E91A01884208D30020A066012084F80B
:105560000A01B548C07803F0D9FB94F8800020B157
:10557000B4F87C00401CA4F87C0094F8840020B1AE
:10558000B4F88200401CA4F8820094F8EC0040B902
:1055900094F857200023012104F14800FCF794FA05
:1055A00020B1B4F87A00401CA4F87A002046FEF737
:1055B000B0FFB4F84800401CA4F848006D1EADB21E
:1055C000B2D22CE49C4AC2E9060170479C48B54916
:1055D0008165B549C1656430B4498165B4490166E6
:1055E000704770B50546B0F8760095F85810C1B10F
:1055F000B5F878100C1A241F95F8740040B195F88E
:1056000054200023092105F14800FCF75DFA60B140
:10561000284600F0DAF838B1D5E91A10401A001F10
:1056200003E0C0F10204E7E72046A04200DA0446A6
:10563000002C01DC002041E5A0B23FE590F87B00A2
:10564000FE2801D0012070470020704700EBD100F8
:1056500001F007030278012199408A4302707047E4
:10566000012802D0022805D102E0012904D001E07E
:10567000022901D0002070470120704700B50128A1
:1056800003D0022801D0FFDFFEE700BD10B56A4C51
:10569000A068D0F8F0100A78002A20D04988028843
:1056A00091421CD190F85420002319464830FCF751
:1056B0000BFA002813D0A068D0F8F010097802295E
:1056C00008D003290BD190F8591079B190F85A00FD
:1056D00038B905E090F85500FCF7DEF910B110BDBF
:1056E000FFDF0A20BDE81040FEF7F7BCBDE8104020
:1056F000FEF7CCBD70B5504C00202179C9071BD0F6
:10570000206900230521C578A06890F8542048300E
:10571000FCF7DAF988B1062D0FD006DC022D0CD08B
:10572000042D0AD0052D06D107E00B2D05D00D2D37
:1057300003D0112D01D00820C0E42069FCF793FCB0
:1057400048B12069C078192805D23D4951F8200098
:1057500008B1804702E00020FEF748FFA168F1E9A8
:105760002823521C43F10003C1E90023A6E410B52D
:10577000314C2079000718D5A068002190F8C300AB
:10578000FEF781FEA0684830FFF758FF00B9FFDF41
:10579000A068FE2180F8C31090F85710082904D1A2
:1057A00002212170002180F8571010BDD0E91A1293
:1057B0008A4201D3511A00E000210289521D8A4217
:1057C00002D3012180F87410704710B590F85A1078
:1057D00041B990F85420002306214830FCF774F9B1
:1057E000002800D0012010BD1144C2781248891D44
:1057F00089B28068012A06D042B1182A05D190F8F2
:10580000EA203AB10AE0A0F8FA107047D0F8F000A8
:105810008180704790F8EB2002B90021A0F8E810D1
:105820007047054810B580680088F7F77CFDBDE833
:105830001040F7F727BA000050010020254B010067
:10584000E00D0020595001005D4B01007D4B01002F
:10585000C14B01009D4C0100C54C0100594D010098
:10586000214E01009D4E0100C54E0100BD4C0100BE
:10587000BF500100EB5001002551010047510100CC
:10588000695101008B510100B3510100D351010056
:10589000035201001D5201006F520100915201009C
:1058A00033530100F54E0100F54F01009D520100F8
:1058B000BF5201004648002101607047016949B1AB
:1058C000D0E901231A448B681A448A60D0E9031294
:1058D000D16002E03E4AC1681160D0E9031009B10D
:1058E000086170470028FCD0002181607047F0B546
:1058F00004460026016199B1C868CC60E06000B13F
:1059000004612569A660002D09D0A86830B16768D8
:10591000B84200D2FFDFA868C01BA060AE60F0BD37
:105920002B48E6600460ECE7294800687047284887
:105930000168002001E00846C9680029FBD17047D2
:1059400010B504462249002002460968431E08E0BB
:105950008A68A24203D39A4201D2134608460A46F5
:10596000C9680029F4D1002800D1104610BD10B537
:105970000C460146104603F051FD002806DA211AB4
:10598000491EB1FBF4F101FB040010BD90FBF4F1E2
:1059900001FB140010BD10B50446406918B16168E0
:1059A0004068814200D2FFDFD4E904010861E26867
:1059B000CA6008B1C16001E005480160C86828B14B
:1059C0000161D4E9010210444A68801A886010BD60
:1059D000700100201FB5924A07CA8DE80700914860
:1059E000C16803914079694604F0E0FA002800D1CB
:1059F000FFDF1FBD70B5044605F0F8FA214603F03D
:105A0000E5FC884C05462A462168E068FFF7AFFFB1
:105A10000146284603F0DAFCE06070BD814910B50C
:105A20008879401CC0B28871282805D2F9F7BFFFD9
:105A3000BDE81040FAF768BC10BD2DE9F041794C83
:105A4000082920795BD2DFE801F0041B50501F5A6F
:105A50005A5090B1F9F76CFEFAF781FC0020A07162
:105A6000F9F7A5FFFAF750FC6F480068032801D04A
:105A70000B2800D1FFDFBDE8F081FAF79BFC2EE098
:105A80000020FAF743FC17E0A5790027681EC6B28C
:105A9000A0683044FAF73AFA10B9A1687F20885517
:105AA000272D00D3012705EB4500C0EB85103946B3
:105AB000FAF746FC282D02D2BDE8F041AEE7207986
:105AC00028B140F28310FFF795FFFFF783FFFAF745
:105AD00071FC0120E0715548007803F01FF9F9F7D7
:105AE000F9FEBDE8F04105F0BBB80028C3D021683D
:105AF000E06803F06BFCE060BDE8F0416AE7FFDFBF
:105B0000B9E710B5474C2079A0B100202071E071B1
:105B1000607904F051FE607904F07EFF607904F052
:105B200057FF48B104F10C00FFF7C8FE00F06BF816
:105B3000002010BD0C2010BD1F2010BD10B5FFF7B8
:105B4000E0FF0C2801D0002800D1002010BD70B566
:105B50000C460546FFF7F2FF00B1FFDF31488460D5
:105B600032480570BDE8704000F04DB82DE9F041B5
:105B7000050040F6B83707D0A5F5E8502C494C3859
:105B8000884202D3122076E73D46264CA06818B121
:105B9000207918B10C206EE709206CE7254805F044
:105BA0003DF8607120281ED0FFF7C1FE0646014671
:105BB0001C480C30FFF79BFE0120256020715EB170
:105BC000D6E9000103F002FCE0603846FFF712FF5F
:105BD000FFF700FF00204EE705F008FA394603F012
:105BE000F5FBE060F4E71F2045E70E49CA7942B1B2
:105BF0001C220270002242708B684360CA7101202F
:105C0000704700207047074810B5182200210C305B
:105C100002F0F4FD034940F65A30086110BD00005F
:105C200034B30100A80E002050150040740100207C
:105C3000B5EB3C003B5A010070B50C46A0F12001C9
:105C4000312901D301200CE041280CD020CC094E91
:105C500094E80E0006EB8000241F50F8806C284664
:105C6000B047206070BD204600F0FAFFF9E706203B
:105C70007047000044B3010010B5534802F0F3FF31
:105C800000B1FFDF5048401C02F0EDFF002800D0BB
:105C9000FFDF10BD2DE9FC5F4C4E8346306801905C
:105CA0000127494802F0CCFFDFF81C8120B900270A
:105CB00008F1010002F0DBFF454C00254FF003091D
:105CC00001206060C4F80051C4F80451C6F800B067
:105CD0002060DFF800A117E0DAF80000C00613D555
:105CE0000E2000F064F8EFF31080009072B6C4F854
:105CF0000493D4F8000120B9D4F8040108B903F0E2
:105D000053F8009800B962B6D4F8000118B9D4F875
:105D100004010028E0D0D4F804010028D0D137B124
:105D20000198306008F1010002F08AFF11E008F1EB
:105D3000010002F085FF0028BAD1C4F80893C4F826
:105D40000451C4F800510E2000F031F81E4802F052
:105D50008EFF0020BDE8FC9F2DE9F0438DB00D467D
:105D6000064600240DF110090DF1200818E000BFCF
:105D700004EB4407102255F82710684602F01EFD78
:105D800005EB870710224846796802F017FD684640
:105D9000FFF780FF10224146B86802F00FFD641C37
:105DA000B442E5DB0DB00020BDE8F08372E70028C7
:105DB00009DB00F01F02012191404009800000F141
:105DC000E020C0F8801270477501002004E5004013
:105DD00000E0004010ED00E0DF490020087070474F
:105DE00070B5044602F049FE054602F050FE054338
:105DF00002F057FE054302F09EFE284305D04FF007
:105E00008042D2F8080108B1082070BDD348D24BB7
:105E1000016834B11A7902F00102114301600020D7
:105E200070BD01F001015960036823F001030360B4
:105E3000D2F80821002AF2D002680A430260E3E7A0
:105E40002DE9F041054617460C460020FFF7C8FF34
:105E500006001AD1C24A01201060C2480168002918
:105E6000FCD0002107E023682B600368002BFCD0E6
:105E7000491C241D2D1DB942F5D300211160016874
:105E80000029FCD00120FFF7ABFF3046BDE8F081D0
:105E900070B5B14E0446B44D3078022800D0FFDF13
:105EA000AC4200D3FFDFB169B048012903D847F203
:105EB0003052944201DD03228272491CB161291BD8
:105EC000C160AA49707800F045F9002800D1FFDFD1
:105ED00070BD70B5A04C0D466178884200D0FFDFE0
:105EE000A14E082D51D2DFE805F050042231505068
:105EF000503C2078022800D0FFDF03202070A078DB
:105F000006250526012801D020B10CE0E06800F04C
:105F100012F904E004F10C0007C8FFF791FF08B183
:105F2000257000E02670BDE8704004F099BE05F0D1
:105F30005DF80146A06803F071FAB04202D2A1698F
:105F400002290BD30320F8F7CBFF14E005F04EF83D
:105F50000146A06803F062FAB042F3D2BDE8704097
:105F600096E7207802280CD0052808D0062808D00B
:105F7000FFDF04202070BDE8704000F0D2B802209E
:105F800000E00320F8F7ACFFF3E7FFDF70BD70B56A
:105F9000054605F02BF8704CA0602078012800D051
:105FA000FFDF7249012008700020C87208810420B8
:105FB0004D6088726C48C86002202070607800F0E4
:105FC000C9F8002800D1FFDF70BD10B5624C207801
:105FD00038B90220F8F796FF18B90320F8F792FFB6
:105FE00008B1112010BD624804F018FE607020282E
:105FF00004D0012020700020A06110BD032010BD3E
:106000002DE9F04114000E46054606D04FF08058A9
:10601000D8F810008008A04201D2092036E705EB2D
:10602000840728463F1FEBF7FFF8E8B9AF421BD3C0
:10603000D8F81400D8F810104843854205D287429A
:1060400003D245EA0600800701D010201EE706EBC8
:106050008400001FB04201D2012700E00027304633
:10606000EBF7E2F800B90FB10F200FE741484249C2
:106070000068884205D0224631462846BDE8F041F6
:10608000DEE6FFF7A2FF0028C8D133480021C56033
:10609000C0E90464817002F018FD08B1374801E0DE
:1060A0004AF6EC1060434FF47A7100F2E730B0FB2F
:1060B000F1F01830FFF76BFF0020E7E610B504465B
:1060C0002C482D490068884204D02046BDE8104085
:1060D00000F031B8FFF779FF00280DD11E480121EB
:1060E000C460817002F0F1FC08B1254800E0254849
:1060F0001830FFF74CFF002010BD10B54FF0805155
:106100004A69824201D8102010BD0C6944432046E0
:10611000EBF78AF808B10F2010BD2046BDE810400B
:10612000CCE710B50C4C607804F052FC00B9FFDFEE
:106130000020207010BD70B505460020FFF750FE0E
:10614000040005D1284600F09FFB0120FFF748FE20
:10615000204670BD03F02ABF7801002010050040E2
:1061600004E5014000E40140105C0C00CC0E00206E
:10617000D35E010038000020BEBAFECA442A0500E2
:10618000645E0100A85B01007C4B1B6803B198476B
:10619000BFF34F8F7A4801687A4A01F4E0611143F6
:1061A0000160BFF34F8F00BFFDE710B5EFF3108420
:1061B00072B600F0D9F840B1EBF7B1F8F8F717FE76
:1061C00002F0F4FF70490020086004B962B60020B4
:1061D00010BD2DE9FC410D460446EFF3108672B662
:1061E00000F0C2F820B106B962B60820BDE8FC8113
:1061F00000F0C6FDEBF797F80246002001230746A2
:106200004FEA501C4FEA8C0C0CF1E02C00F01F01FF
:10621000DCF800C12CFA01FC5FEACC711BD020280D
:1062200003D222FA00F1C90720D141B2002904DBD0
:1062300001F1E02191F8001405E001F00F0101F1F6
:10624000E02191F8141D490908290FD203FA01FC35
:106250001CF0EC0F0AD0401C6428D1D34A494B48AB
:1062600008602846EAF7E7FF60B904E006B962B6BD
:1062700041F20100BAE7414805602CB12046EBF736
:1062800027F818B110253AE0414C19E0207802288F
:1062900002D94FF4805532E007250028607801D0FC
:1062A00068BB08E058B3202829D8A078212826D830
:1062B000012824D001E0A07808BBE0780B281ED884
:1062C0000097019720788DF8000060788DF8010024
:1062D000A0788DF80200EBF726F81621F8F76FFD8D
:1062E00000221921684602F05DFC00B1FFDF162193
:1062F0001920F8F72BFD2046EBF708F8054606B9FC
:1063000062B61DB1FFF751FF28466FE700206DE729
:1063100010B5044600F028F800B1012020700020DC
:1063200010BD1C4908600020704710B50C461028AD
:1063300008D011280BD012280CD013280ED0012021
:10634000086010BDD4E90001FFF743FF0AE0FFF742
:106350002CFF07E02068FFF7DBFF03E00D49206812
:1063600008600020206010BD074808490068884286
:1063700001D10120704700207047000094010020E7
:106380000CED00E00400FA0538000020BEBAFECA99
:1063900008B401000400002000B56249022835D08D
:1063A00015DC10F10C0F2AD009DC10F1280F2CD0CD
:1063B00010F1140F27D010F1100F29D121E010F1A6
:1063C000080F1AD010F1040F15D008BB1EE0C01E34
:1063D00006281DD2DFE800F00D0B09070503082091
:1063E00014E0072012E0062010E005200EE0042053
:1063F0000CE003200AE0FC2008E0F82006E0F4208E
:1064000004E0F02002E0EC2000E0D820086000BDAD
:10641000FFDF00BD434900B5091D012803D0022854
:1064200003D0FFDF00BD032000E00420086000BDB2
:1064300010B504460846F9F7D7F84FF47A71B0FB67
:10644000F1F0201A10BD02290BD040F6980100BFD0
:106450004FF47A7201F2E731B1FBF2F10844801E89
:10646000704740F24C41F3E7022909D040F6980109
:106470004FF47A7201F57A71B1FBF2F1084470477A
:1064800040F24C41F4E710B504460846F9F7ACF881
:106490004FF47A7100F2E730B0FBF1F0201A801E61
:1064A00010BD2DE9F04107461D460E461446104624
:1064B000F9F79AF807EB4701C1EBC71100EBC100F0
:1064C000022E10D040F6980108444FF47A7100F67D
:1064D000B730B0FBF1F62046F9F7E3F83044284432
:1064E000401DBDE8F08140F24C41EDE770B5054636
:1064F00014460846F9F778F805EB4501C1EBC511DC
:10650000C0EBC1052046F9F76FF828444FF47A71C3
:1065100000F6B730B0FBF1F52046F9F7C2F8284491
:10652000401D70BD0C150040F0B585B00C46054609
:10653000FBF795FD07466E78204603A96A46F6F7F5
:1065400092FB81198EB258B1012F02D0032005B001
:10655000F0BD204604AA0399F6F7A6FA049D01E0CF
:10656000022F0FD1ED1C042E0FD32888BDF8001088
:10657000001D80B2884201D8864202D14FF000004F
:10658000E5E702D34FF00200E1E74FF00100DEE75C
:106590002DE9FC411B2519462846089E00F052F8BB
:1065A0004FF4A474A04200D920460746284631463D
:1065B00000F048F801462046814200D808460146CE
:1065C000002000900190012396223846FBF73DFB06
:1065D000BDE8FC8108B591F83D20009291F83C306F
:1065E0004A68FFF7D5FF08BD2DE9F0411E46174662
:1065F0000C46FFF7EFFF05463A466168E06A00F097
:106600002AF8AA19824200D310462063BDE8F0811F
:106610002DE9F8430C46DDE908160A9D00919046E5
:106620002146FFF7B5FF074632464146E06A00F0D3
:1066300012F801467819884202D80120BDE8F88393
:106640000020FBE7022903D0C000703080B2704701
:1066500080003C30FAE7884200D30846801A704731
:1066600070B514460D46FF280AD00A462146FAF7AF
:1066700008FF00B9FFDF207840F00200207070BDF5
:106680007F4E7068FBF75CFC207029467068BDE89F
:106690007040FBF740BC10B57A4C1D220021A01CB5
:1066A00002F0ACF87F206077FF202074E070A075C6
:1066B000A08920F060002030A0810020207010BD53
:1066C0006F494860012008706E496D483E310830BE
:1066D000416000210170DEE72DE9F041694904467F
:1066E0000878674D4FF0010805F10806002718B13A
:1066F0002878A0B9307890B13078D0B185F8008092
:1067000071683C22A9B16770201D02F057F805207E
:10671000207084F80480287830B1377006E02F703C
:106720004FF48E72891CEDE7FFF7B5FF0120BDE83D
:10673000F0810020FBE75348007808B10020704743
:10674000012070472DE9FF5F4E4D8246DDF838B0DD
:10675000287898468946002852D1AC1C1D22002179
:10676000204602F04BF8464F012626707868FBF76A
:10677000C8FB38B3012829D002282CD006282CD0F9
:10678000FFDF00BF04F11D017868FBF7E4FB207216
:10679000621CA11C0298FFF763FF84F809B02673FE
:1067A00000206073FF20A073A17A49071CD5DAF896
:1067B0000010C4F81510BAF80400A4F8190084F801
:1067C000149012E0608940F0010007E0608940F019
:1067D00015006081DCE7608902E0608940F002001A
:1067E00040F010006081CDE720757F20E07684F8CE
:1067F0001C802E7004B00620BDE8F05FFDF79CBA47
:10680000BDE8FF9F2DE9F0471D4D824608351F4624
:10681000287890468946002830D11A48017811B16D
:10682000007BC0062AD56C681D220021204601F09D
:10683000E5FF01262670621CA11C5046FFF710FFE1
:106840000F4804F11D014068FBF785FB2072677259
:10685000608969F3000040F01A006081267300200F
:106860006073FF20A07320757F20E07684F81C8081
:106870002E70BDE8F0470720FDF75EBABDE8F0874F
:10688000AC010020FC0E0020094A022111600949D8
:106890000B68002BFCD0064B1B1D186008680028F5
:1068A000FCD00020106008680028FCD07047000071
:1068B00004E5014000E4014070470020704770B5D6
:1068C0000D46044602F054F930B104482044FC2837
:1068D00002D82560002070BD102070BD0018FEBFDA
:1068E0000020F8F7FDBA00B50A7802700A781AB1EC
:1068F000012A0AD0FFDF00BD0A7902718A6882602E
:106900004A794271C968C16000BD0A790271CA68DA
:10691000C2604A7942718968816000BD72484068EE
:10692000FFF7CABF10B5704C0528216826D2DFE8F2
:1069300000F0030C1F2123006C4802F09FFBFFF7BF
:10694000BCFF60600020216800E001208847B0B1F2
:10695000654C017808342170017831B1012910D0DB
:10696000022902D003290ED0FFDF5F48083010BD96
:106970000220EBE70320E9E70420E7E7FFDF002040
:1069800010BD406807E0416821B15948FFF7ABFFEF
:10699000574800E000206060E7E710B500240A28AF
:1069A00016D2DFE800F00505050505090B0F1113E8
:1069B000FFF7B8FF04460CE0042000E00520F8F7DC
:1069C0008FFA06E00720FAE70620F8E70820F6E746
:1069D000FFDF204610BD10F10C0F18D009DC10F1BC
:1069E000230F16D010F1160F11D010F10D0F08D192
:1069F0000BE010F1020F06D0B0F1FF3F05D00028E8
:106A000000D003207047052070470F2070470720F3
:106A100070471120704710B502F025F9BDE810400D
:106A200000F056B810B502F00BF9BDE8104000F0C8
:106A30004FB810B502F01BF9BDE8104000F048B89F
:106A400010B52C4801F064FFBDE81040C3E710B555
:106A500001F050FFBDE81040BDE710B501F010FF98
:106A6000BDE81040B7E710B5152202F009F9BDE8FE
:106A70001040B0E710B5044602F0C6F920600020CF
:106A800010BD10B504460820F8F73CFA08B11120F3
:106A900010BD194802F058FBFFF79DFF0028F7D101
:106AA00011490C6010BD10B502F031FBBDE810407B
:106AB00091E71FB550B101466846FFF714FF6846DD
:106AC00002F0F2FAFFF787FF04B010BD0720FBE7E2
:106AD00000B510F1230F04D0002801D0FFDF002003
:106AE00000BD4FF4005000BDBC0100201D69010035
:106AF0001C100020E16801009B6901004C494D4BCE
:106B00000A684D499A42096801D1C1F31001016038
:106B1000002070474649474B0A684749091D9A4279
:106B200001D1C0F310000860002070474049414B7C
:106B30000A6842F209019A4202D0062802D203E012
:106B4000042801D3084670473C4A012142F830101E
:106B5000002070473649374B0A6842F209019A42D1
:106B600002D0062802D203E0042801D30846704769
:106B7000324A012102EBC00041600020704770B52D
:106B80002B4A2C4E2D4C156842F2090304EB80026F
:106B9000B54204D0062804D2C2F8001807E0042841
:106BA00001D3184670BDC1F31000C2F800080020E0
:106BB00070BD70B51E4A1F4E204C156842F2090385
:106BC00004EB8002B54204D0062804D2D2F80008B3
:106BD00007E0042801D3184670BDD2F80008C0F3BE
:106BE00010000860002070BD10B5114B114C1B68DF
:106BF000A342034602D1112802D204E0142802D392
:106C000042F2080010BD0D4800EBC300C0F810159B
:106C1000C0F81425002010BD0549064B0A68064936
:106C200008319A4201D1C0F310000860002070477B
:106C300038000020BEBAFECA00F5014000F0014055
:106C4000704770477047000001B41EB400B5F8F7F4
:106C500070FB01B40198864601BC01B01EBD000066
:106C60008269034981614FF00100104470470000C0
:106C7000496C0100FEDF1B49097829BB04207146DD
:106C8000084221D10699184A914205DB174A9142E0
:106C90001ADB174A914217DA0699022914DB0239E6
:106CA0004878DF2810D10878FE2807D0FF280BD1BC
:106CB0004FF001004FF000020E4B184741F2010067
:106CC0000099019A0B4B18470B4B002B02D01B6805
:106CD000DB6818474FF0FF3071464FF00002054B5C
:106CE0001847000028ED00E000C001000800800007
:106CF000080080008961010004000020174818493D
:106D00007047FFF7FBFFEAF749FA00BD154816493F
:106D10000968884203D1154A13605B68184700BDB3
:106D200020BFFDE70F4810490968884210D1104B79
:106D300018684FF0FF318842F2D080F308884FF096
:106D40002021884204DD0B48026803210A430260C7
:106D50000948804709488047FFDF000030100020C5
:106D6000301000200010000000000020040000206F
:106D700000C0010014090040992F00000D6D0100B2
:106D8000F0B44046494652465B460FB402A001307B
:106D900001B50648004700BF01BC86460FBC8046CF
:106DA000894692469B46F0BC7047000009110000DE
:106DB00071460420084202D0EFF3098101E0EFF3AD
:106DC0000881886902380078102813DB20280FDB3F
:106DD0002C280BDB0A4A12680A4B9A4203D160281E
:106DE00004DB094A1047022008607047074A104731
:106DF000074A1047074A12682C32126810470000F1
:106E000038000020BEBAFECA2B130000395C010016
:106E10002B630100040000200B4B0C4908470C4B6E
:106E20000A4908470B4B094908470B4B07490847D4
:106E30000A4B064908470A4B04490847094B0349CE
:106E40000847094B01490847012F0000B12F0000F6
:106E5000712C0000652C0000692C0000C52C00007E
:106E6000311300003F2C00006D2C00002DE9F04193
:106E70004FF08044D4F8000108B1012600E000265C
:106E8000D4F8040108B1012700E00027002566B10D
:106E90000120C4F808030948017931B1057141693D
:106EA00019B180468847C8F814500FB1C4F804518E
:106EB0003046BDE8F04100F0C7BC0000A80000204B
:106EC0002DE9F041244CD4F804034FF0000510F4F0
:106ED000803F4FF400664FF0E0271CBFD4F840011C
:106EE00000280BD04FF48030C4F80803C4F8405198
:106EF000C7F880624FF0040002F0EEFDD4F80403FE
:106F000010F4003F1CBFD4F8440100280BD04FF40C
:106F10000030C4F80803C4F84451C7F880624FF049
:106F2000050002F0D9FDD4F8040310F4802F1ABF35
:106F3000D4F848010028BDE8F0814FF48020C4F85F
:106F40000803C4F84851C7F88062BDE8F0414FF02B
:106F5000060002F0C1BD000000B000402DE9F04184
:106F6000384C2078042868D0E51C0121287860B1CD
:106F7000012808BF617003D06078002808BFFFDFD8
:106F800002202870687802F0B9FC2F4DD5F8040370
:106F90004FF0000810F4002F4FF480764FF0E027F8
:106FA0001CBFD5F84C01002808D04FF0030002F0B8
:106FB000A5FCC7F88062032002F08EFDD5F804031B
:106FC00010F4802F1CBFD5F84801002808D04FF0DE
:106FD000020002F093FCC7F88062022002F07CFD00
:106FE000D5F8040310F4003F1CBFD5F84401002875
:106FF00008D04FF0010002F081FCC7F88062012048
:1070000002F06AFDD5F8040310F4803F1ABFD5F8EA
:1070100040010028BDE8F0814FF0000002F06EFC56
:10702000C7F8806204202070C4F80880C5F8008288
:10703000BDE8F041002002F04FBDBDE8F04107205F
:1070400002F04ABD9800002000800040002809DBC3
:1070500000F01F02012191404009800000F1E02072
:10706000C0F880127047002809DB00F01F020121E0
:1070700091404009800000F1E020C0F88012704784
:10708000002809DB00F01F02012191404009800027
:1070900000F1E020C0F88012704700280DDB00F0FE
:1070A0001F02012191404009800000F1E020C0F85A
:1070B0008011BFF34F8FBFF36F8F704700280DDB38
:1070C00000F01F02012191404009800000F1E02002
:1070D000C0F88011BFF34F8FBFF36F8F7047000070
:1070E0000149012008707047980100204FF080404E
:1070F000D0F80001012803D002480078002800D011
:10710000012070479801002002480068C00700D0A5
:107110000120704708040040012081070860704783
:107120000121880741600021C0F800110148017069
:10713000704700009801002006490A68D20306D56E
:10714000096801F00301814201D10120704700204C
:10715000704700001804004002480068C00700D0D3
:107160000120704714040040014800687047000087
:107170001C0400402DE9F84F054600F10809C81C21
:10718000141A24491646C0F1000A00200A9F891BE0
:107190009846804138BFFFDF1F488245C8BFFFDFE8
:1071A0001E488245B8BFFFDF1D488442A8BF1D4866
:1071B00003DA002CB8BF1A4800DA241820464A46E1
:1071C000294602F061FE286820F07F4106EB0800A6
:1071D000154EC41C2960AFB1012F18BFFFDF306806
:1071E000007820446A46291D02F04EFE9DF90000F9
:1071F00000286868C4BF401C686020F07F40686059
:10720000BDE8F88F306800787A2898BF7A2020444B
:10721000E8E70000FF7F841E0020A10700E05EF881
:107220000080841E00807BE15409002010B501F02D
:107230004DFBFFF75BFF022201230749540728B1EA
:107240000648026023610320487202E04A72C4F8D3
:1072500004330020C87110BDA8000020340C004089
:1072600070B5134CA079F0B1012803D0E179401E2C
:10727000814218DAFFF73AFF054601F0C5FDA17912
:10728000012902D9E179491CE1710DB1216900E0C0
:10729000E168411A022902DA11F1020F07DC0DB18F
:1072A000206100E0E060BDE87040FFF7BFBF70BD47
:1072B000A8000020F0B51F4614460E460546202AB9
:1072C00008BFFFDF19481A4900EB871202EB4400A0
:1072D00001EB8703202E23D002EB4601407891F882
:1072E00001C0487020216046202C06D0014602EBE8
:1072F0004100A14205704078F8D193F82640202C37
:107300001ABF02EB440484F801C083F825C04FF093
:10731000200C02EB410282F801C083F82610F0BD78
:1073200093F824C0407883F82400DBE7D4080020D9
:10733000540900202DE9F0410D460446022603F0D1
:1073400025FD006800B1FFDF01273DB12878C0B1FD
:10735000012805D0022812D0032815D027770EE087
:107360006868C82803D3042101F03AFF08B1002659
:1073700007E02046696800F087FF012601E001F080
:10738000E3F93046BDE8F08120780028F7D168683D
:1073900000F0D0FF0028E1D06968087880B1A078BB
:1073A000052800D0FFDF2046696800F0A7FFE078DD
:1073B00004F1080100F036FA0028E0D1FFDFDEE733
:1073C000204600F083FF6770D9E700002DE9F34FF6
:1073D00087B00446002002909E48089F9E4E00EB16
:1073E0008700039090F824502020E9460DF104080E
:1073F0008DF8000006F5207A202D18BF0AEB871BB8
:1074000032D000BF05EB850006EB8000011D8068CF
:107410002268101A0002C21700EB1260001223D477
:107420006089D0B14889C0B9084601F049F805AA79
:1074300004A902F029FD9DF914000028CCBF012009
:10744000002000F1330104982268101A0002C217CC
:1074500000EB12600012884206DB0BEB450089F856
:1074600000504578202DCDD199F8000088F8000013
:10747000A146202D1CBF794800EB871B00F0E5805A
:1074800005EB850106EB810AD9F80420DAF804102F
:107490004846891A0902CA1701EB12610AF104076A
:1074A00009121FD47989002900F0CF804189002971
:1074B00040F0CB8001F004F805AA04A902F0E4FC36
:1074C0009DF914000028CCBF0120002000F13301F9
:1074D00004983A68101A0002C21700EB12600012FA
:1074E00088427DDA88F800509AF8100099F80C105C
:1074F000884205D90BEB45004578202DC0D1A4E08A
:107500009DF80400D4E9002100EB800006EB800028
:10751000891A806820F07F42084420F07F40C4E947
:107520000020012002904B4890F82F0018B109B0BC
:107530000020BDE8F08F0398DDF820806F4690F8BA
:10754000245020200DF1040A8DF80000202D1CBFCE
:10755000424800EB881930D005EB850006EB80002F
:10756000011D80682268101A0002C21700EB126029
:10757000001222D46089D0B14889C0B9084600F011
:107580009FFF05AA04A902F07FFC9DF914000028C2
:10759000CCBF0120002000F1330104982268101AAA
:1075A0000002C21700EB12600012884205DB09EBF3
:1075B00045003D704578202DCED138788AF80000FE
:1075C0002746202D1CBF254800EB881B3DD005EB2E
:1075D000850106EB8109384609F104087A6800E064
:1075E00033E0D9F80410891A0902CA1701EB1261B5
:1075F00009121DD4B8F80A1039B3418929BB00F02B
:107600005FFF05AA04A902F03FFC9DF914000028C1
:10761000CCBF0120002000F133010498D8F80020ED
:10762000101A0002C21700EB1260001288420CDA36
:107630008AF8005099F81010387B81427FF660AFCD
:107640000BEB45004578202DC1D1029809B0BDE86B
:10765000F08F00005409002054060020D4080020B8
:107660002DE9F04F044647480E4600EB8600464F92
:1076700090F82450202083B098469246107007F569
:107680002079202D18BF09EB861B31D005EB850032
:1076900007EB8000011D80682268101A0002C217E3
:1076A00000EB1260001223D46089D0B14889C0B9C0
:1076B000084600F005FF01AA694602F0E5FB9DF9C6
:1076C00004000028CCBF0120002000F13301009805
:1076D0002268101A0002C21700EB126000128842E2
:1076E00006DB0BEB45008AF800504578202DCDD104
:1076F0009AF8000088F80000202D18BF09EB861AC0
:107700003CD005EB850107EB81096168D9F80420BD
:107710002046511A0902CA1701EB126109F1040649
:1077200009121BD4718949B3418939BB00F0C8FEE5
:1077300001AA694602F0A8FB9DF904000028CCBF0D
:107740000120002000F1330100983268101A000275
:10775000C21700EB1260001288420FDA88F800505E
:1077600099F81000217B884203D803B00020BDE8BF
:10777000F08F0AEB45004578202DC2D103B00120DF
:10778000BDE8F08F540900205406002070B51C4954
:107790001C4CB0F1807F24D04FF400220A600146D7
:1077A00000230322052001F0E1FF002808BFFFDFCE
:1077B0004FF08045052002F0D5FA1349C1F81005B5
:1077C000C1F814551149E812086094F831000028F6
:1077D00018BF70BD01F0B8F85FF0010084F8310007
:1077E00070BD94F83100002808BF70BD4FF4002030
:1077F0000860052002F082F801F0B4F80020EDE7FF
:1078000008F501405409002098F0014004F50140BA
:10781000006804E0884201D101207047C069002857
:10782000F8D1704702F0C2BB02688A4203D1D16925
:10783000016070470246002AFBD0D0698842F9D126
:10784000C869D061704700002DE9F05F4FF08045B6
:107850000646D5F80C0110B14FF0010801E04FF0D9
:107860000008D5F8100100B10120214C814694F8A0
:1078700000A004F1080001F0E3F900B1FFDFDFF838
:1078800074B0012746B1607A022805D103206072E6
:107890000221CBF800102F610026B8F1000F0AD0AA
:1078A000C5F80C61607A032800D0FFDFCBF80060D8
:1078B000677200F0F3FFB9F1000F07D0C5F810614F
:1078C000607A012801D1FFF7CBFC6F61BAF1000F9C
:1078D00007D02670607A012801D1FFF7A7FC00F0DD
:1078E000DDFFBDE8F05F0248083001F0C0B90000DC
:1078F000A8000020340C00402DE9F84FDFF890A1DB
:10790000427881788AF8052000268AF80610074612
:107910008AF807600078DFF87CB13546052814D274
:10792000DFE800F01403050D100001260EE000F062
:10793000CDFF58460168C907FCD0022606E04FF487
:10794000003603E04FF4403600E0FFDFFFF704FCB1
:107950004FF0804458B1FFF707FC06F0030840459C
:1079600005D14046FFF7E8FB0028FAD04BE04FF086
:107970000108C4F80C80C4F804514748066001F0BF
:107980007CF840B901F083F828B901F08AF810B901
:1079900001F09BF840B14FF08050D0F844023E49CE
:1079A000C0F34230243108603B493431C1F80080D3
:1079B0004FF00209C4F80493C4F8088037480168FE
:1079C000C94341F3001101F10108016841F01001C0
:1079D000016001E001F0E8F9D4F804010028F9D0D1
:1079E00006F003063046FFF7A7FB0028FAD0B8F1EF
:1079F000000F04D12948016821F010010160C4F88A
:107A00000893C4F804519AF80600564680B13878B5
:107A100070B9FFF76BFB804601F0F6F96FF000429A
:107A2000B8F1000F02D0C6E9032001E0C6E9030265
:107A3000DBF80000C00701D0FFF752FB387810B127
:107A40007572BDE8F88F1827C4F808734FF0010865
:107A5000C4F818804FF42070ADF80000BDF80000A5
:107A6000411EADF80010F9D2C4F80C51C4F8105101
:107A70000748083001F0F7F83570FFF7D7FBC4F876
:107A800014800549707920310860C4F80473D8E780
:107A9000A80000200C0400401805004010ED00E094
:107AA000012213024FF0E0210020C1F8803101F5DE
:107AB000C071BFF34F8FBFF36F8FC1F800310C4916
:107AC0004A60431EC1F808330A4B1860C1F84001F0
:107AD0001B1D1860C1F844011B1D1860C1F8480146
:107AE0001B1D1860C1F84C010A61034948707047BA
:107AF0000080004040850040980000202DE9F041C2
:107B000003F03FFA3A4E05463468002C6DD000F081
:107B100075FD70B130684169284600F05DFD0328AD
:107B20000BDB00F061FD30684069BDE8F04103F017
:107B300031BAED1C25F07F40F7E700272D4D4CE0D2
:107B4000401E2074606900F5800020F07F40606175
:107B5000204600F017FD20E0A069C0B1A84229D955
:107B6000B0FBF5F105FB110707B92F46217A38461E
:107B700000F0FDFD6169084420F07F406061A0696C
:107B8000C01BB0FBF5F02074204600F0FBFC012781
:107B900000F02AFDE168204688473468CCB103F044
:107BA000F0F9616900F018FD03280DDB606903F04E
:107BB000F1F90EE0217A00F0DAFD6169084420F065
:107BC0007F4060610020DEE73FB103F0DDF901F0A6
:107BD000A5F8BDE8F04100F007BD21460448FFF7D5
:107BE00023FE207C0028B7D0AAE7BDE8F081000082
:107BF000A00100200020A1072DE9F0410E46054616
:107C000001F026FA040000D1FFDFE078A84200D09E
:107C1000FFDF00250227082E7DD2DFE806F0040BE7
:107C200026264E55626AA078042802D0032800D088
:107C3000FFDF9EE0A078042802D0032800D0FFDFF9
:107C40000520A07025772078B0BB0021204600F0E9
:107C50001BFB207A012804D06069A06100206168C4
:107C600038E0E07801F0FCFBF7E7A078042802D0C8
:107C7000032800D0FFDF207818B1204600F0AAFBCF
:107C800075E0A07804280BD00120A0706168022E56
:107C900008D006208847E8B30078D8B3FFDF66E055
:107CA000A770F3E705208847002803D00078002854
:107CB00000D0FFDFBDE8F08117E0A078052800D0F4
:107CC000FFDF0220616805E0A078052800D0FFDF13
:107CD00061680120884701462046FFF72BFB0546D7
:107CE00043E0A078052800D0FFDFBDE8F04100F0B8
:107CF0002BBDA078052804D0617809B1032800D0F5
:107D0000FFDF207820B12046BDE8F04100F062BBE3
:107D1000207F01E02BE022E058B12577A770616851
:107D2000082088470028C5D000780028C2D0FFDF8F
:107D3000C0E7607840B1E07804F10801FFF772FD18
:107D400000B9FFDF6570B5E7A77061680720884755
:107D50000028AFD000780028ACD0FFDFAAE7FFDF13
:107D600005E085B1012D0BD0FFDF022DF9D1002EEA
:107D7000A0D103F008F8006800289BD0FFDF99E746
:107D800004206168A6E703206168A3E7044800F4C3
:107D90007000B0F5000F0CBF0120002070470000FC
:107DA0003DAE01002DE9F74FFB489CB000EB82008F
:107DB000149090F824008946129001F05DFC002692
:107DC00004460696B9F1010F1CBFB9F1020FFFDF9F
:107DD000F24F1298DFF8C8834FF0000520282DD00D
:107DE00041460120086039468968086000200A90F1
:107DF000401E0C901298EB4900EB800001EB8000D4
:107E0000001D0DAD0FC885E80F000DA800F058FB50
:107E10000B900D981390E348BDF83E70B0F8200326
:107E2000ADF84400002F08BF4FF0000A27D0DA4811
:107E30004FF0010A90F83000D0B120E0D64C94F811
:107E4000300018B100F02AFD84F830504FF08070F7
:107E5000FFF79CFC042001F051FD01F0A9FD20205A
:107E600084F83400B8680560C8F8005000F001BA22
:107E7000FFF73CF9002808BF4FF0010801D04FF090
:107E8000000800200246834616901790C6480078E6
:107E900000283BD0C449012818BF032803D14E88CD
:107EA000A6EB07001790B74230D202A908911AA991
:107EB000F21C0B9804915142851ABC4A1991002179
:107EC000101A71EB010038BFFFDFB94919988842D9
:107ED000C8BFFFDFB74919988842B8BFFFDFB6486F
:107EE0008542A8BFB54803DA002DB8BFB24800DA12
:107EF0002D182846049A089901F0C6FF02980D999A
:107F000020F07F400290081A20F07F42B8F1000F65
:107F100018BF4FF0320B05D19DF84400002818BF60
:107F20004FF0020BB4F1807F08D00D98001B0002C7
:107F3000C11700EB11600012012802DA04211C981D
:107F40000FE0B8F1000F0AD0934890F8310030B13B
:107F50009DF8440010F1000B18BF4FF0020B2046B3
:107F6000012117B1179B1E2B02DA9DF8443013B183
:107F70000123491E069301EB0B038B499DF845B085
:107F800091F800E00D99891A21F07F4CACEB0001CB
:107F90000902CD1701EB15610912994219DB002A7C
:107FA00018BFCDF834C001F06FFA0D99081A00021D
:107FB000C11700EB116000123E2842DAB9F1010F3F
:107FC00027D00D98401E20F07F40B8F1000F26D03A
:107FD00030E092B1BBF1000F08BFBEF1030F0CD02F
:107FE000B8F1000F04D19DF84410002918BF9B1E62
:107FF00000228DF844201646C4E7B8F1000F7DD169
:108000009DF84410002979D000218DF844109B1E62
:10801000B8E7B4F1807F08BFFFDF24D122E0B4F1DC
:10802000807F07D0211A0902CA1701EB12610912D9
:10803000042903DD044601F02DFA10E0002964DC78
:1080400011E00D98401E20F07F44204601F022FAF6
:10805000BAF1000F03D001204FF0000A1690B4F1DE
:10806000807F00D1FFDF204601F06EFE4F4A0B9962
:10807000531C0D1AB5EB930F24BFA0EB010CBCEB06
:10808000930F0ED3AA4203D2101A0844451C08E0ED
:1080900094459CBFFFDF002503D9511A0844401CBA
:1080A000454206980E9B80F001020D981B1B001B99
:1080B000434920F07F4023F07F43824298BFB0F5D0
:1080C000800F22D2994220D3DFF8CC804FF0010BF1
:1080D00098F83500E8B100BFB9F1010F05D00220D2
:1080E00001F00CFC012001F009FCB7422AD2A5EBFB
:1080F00006014FF001034FF0030200E005E04FF0EE
:10810000020001F033FBB8B911E01FB00020BDE858
:10811000F08FB74234BF314639460698002814BF65
:1081200000201E200844A842A8BFFFDFD4E7139810
:108130000D9000208DF84400CFB10123E91B0322EC
:1081400018460CE00FD90123E91B0322184601F061
:108150000DFBB8B15EB1A91B01230322022001F07F
:1081600005FB78B103E056EA070018BFFFDF0123E3
:1081700003222946002001F0F9FA18B1BAF1000FE4
:1081800020D04BE0022001F0B9FB012001F0B6FB4A
:108190001FB00020BDE8F08F540900208C000020A3
:1081A00008050040540600208E000020FF7F841E3A
:1081B0000020A10700E05EF80080841E00807BE1C3
:1081C000FFFF3F0098F8310008B1169830B398F8D7
:1081D000300020B100F062FB002088F830001698D3
:1081E00028B3A4F1320020F07F40FFF7CFFAE81B5C
:1081F000A0F11904002CD8BFFFDF01230322214680
:10820000104601F0B3FA002808BFFFDF13D01B4966
:108210000020896808601A4908600CE098F830006E
:108220000028DCD100F052FB88F830B0D7E74FF0DF
:108230008070FFF7ABFA129888F834001499002088
:1082400081F827000AAC0F4894E80E10C0F8041318
:10825000C0F80823C0F80C33C0F810C30EAC94E883
:108260000E10C0F81413C0F81823C0F81C33C0F85F
:1082700020C31FB00120BDE8F08F00008C0000205B
:1082800008050040540600200246037AC0680844EE
:10829000D060563802F07EBD10B502F072FE0A4C76
:1082A0002168496900F098F9032805DB20684069D6
:1082B000BDE8104002F06EBE00F096F902F064FED8
:1082C000BDE8104000F02ABDA0010020012202728A
:1082D0000022C2740A796AB1002202824A795AB134
:1082E000042282748A686932C260C96841610321CC
:1082F000817070472B22F0E70322F2E710B50446A5
:1083000000202072E074087980B100202082487932
:1083100070B10420A074C8686930E0608968A06901
:1083200001F054F860610420A07010BD2B20EDE72F
:108330000320EFE7002819D003781349134A13B13B
:10834000012B0ED011E00379012B00D06BB94379DA
:108350000BB1012B09D18368643B8B4205D2C06805
:108360000EE00379012B02D00BB100207047437956
:108370000BB1012BF9D1C368643B8B42F5D2806805
:108380009042F2D8012070473D860100FF1FA107EF
:10839000064810B500210160012101600846FEF782
:1083A0008DFEBDE810400120FEF75DBEFC1F0040C1
:1083B000074810B501214160891EC0F808130C2040
:1083C000FEF77CFEBDE810400C20FEF74CBE00001E
:1083D00000C0004010B50446C07802F0F9FA00B9B8
:1083E000FFDF204600F0BEF96168092088470028B9
:1083F00003D00078002800D0FFDF10BD2DE9F05F2A
:10840000DFF8AC8098F8325008EB850090F82540F2
:10841000202C08BFBDE8F09FDFF898A0DFF8989007
:10842000A9F5207B09EB8517072617F8140001280A
:108430000AD0042808BF022606D0052808BF032654
:1084400002D0062818BFFFDFBAF1000F18BFAFF344
:108450000080EFF3108072B607EB44014A7808EB16
:10846000850181F8252091F82620A24204BF202210
:1084700081F82620A8B12A462146012000F050F8B4
:1084800004EB840031465BF820202046904798F8A2
:10849000325008EB850090F82540202CC2D1BDE871
:1084A000F09F0648002818BFAFF3008062B6E2E7ED
:1084B0005409002000000000D40800200000000043
:1084C00070B50446006801F03FFC618994F908200A
:1084D0001144CD1C0D4A44190021101A71EB010002
:1084E00038BFFFDF0A488542C8BFFFDF0948854221
:1084F000B8BFFFDF08488442A8BF084804DA002C50
:10850000AABF2046044870BD201870BDFF7F841E9E
:108510000020A10700E05EF80080841E00807BE15F
:108520002DE9F04107461548904600250C4600EB22
:108530008816072F07D2DFE807F0070707070404AC
:108540000400012500E0FFDF06F81470002D08BFCD
:10855000BDE8F0810A4800EB880090F82610202939
:108560000EBF80F8254006EB41014C70202106EB40
:108570004402517080F82640BDE8F081D408002004
:10858000540900202DE9F041DFF848800546002617
:10859000D8F80070B7B13C466969606900F01CF812
:1085A000002804DB261E02D0F469002CF4D1BC4262
:1085B0000AD1D8F80010E961C8F80050BDE8F041D0
:1085C000FFF76ABEEF61F7E7F069E861F561BDE8C2
:1085D000F0810000A0010020081A0002C11700EB82
:1085E0001160001270470000BFF35F8F02480178EE
:1085F00021F00101017070479C01002006480178BC
:10860000C90701D000207047017841F001010170D5
:10861000BFF35F8F012070479C0100202DE9F05FC0
:10862000834644480F4600EB8704BBF1010F94F8E2
:1086300024601CBFBBF1020FFFDF202E4BD03D4852
:1086400094F82440002590F83510002904BF0068F4
:10865000857800F019FFDFF8E49004EB840109EB62
:108660008101354A4B6889681B1A091A23F07F4338
:1086700021F07F419D4298BFB3F5800F01D28A421D
:1086800027D22F4B03EB871AA4460AEB4C014C78F8
:10869000202C14D004EB840109EB8101D1F8048073
:1086A0008968A8EB0008091A28F07F4821F07F416B
:1086B000454598BFB8F5800FE6D28A42E4D3BCF1B5
:1086C000200F06D03B46624620210420FEF7F2FD33
:1086D0000446B44218D11B48002818BFAFF30080ED
:1086E00000F0D2FE0346134890F8341020290ED033
:1086F0000169006880781844401A0002C11700EB35
:1087000011600012002802DD0020BDE8F09F3A460B
:1087100059461846FFF746FB00281CBF0120BDE85C
:10872000F09F3B46324620210420FEF7C3FD002087
:10873000BDE8F09F54090020FFFF3F0054060020D1
:10874000D40800200000000010B5054C206810B1CE
:10875000804700202060BDE8104002F081BA000090
:10876000CC010020002181700170417070471CB560
:108770000C4601AA694601F087FB9DF9040028B167
:1087800034B1002802DD0098401C1CBD00981CBDBF
:108790000028FBDC0098401E1CBD10B51AB9002053
:1087A00010BD401C491C521E03D003780C78A34214
:1087B000F7D000780978401A10BD000010B580EAA3
:1087C00001040346A40707D015E0002A15D011F8CC
:1087D000014B03F8014B521E9C07F6D102E010C971
:1087E000121F10C3042AFAD205E000BF11F8014B92
:1087F00003F8014B521E002AF8D110BD30B50346D4
:10880000CCB204E0002A14D003F8014B521E9D079D
:10881000F8D1C9B241EA012141EA014101E002C3B4
:10882000121F042AFBD202E003F8014B521E002A59
:10883000FAD130BD70B5114CE07808B9FEF770FC84
:1088400001208507A861607A002603280AD100BFAD
:10885000D5F80C0120B90020FEF76EFC0028F7D1F6
:10886000C5F80C6166720020FEF717FC0020FEF7C9
:10887000EDFB4FF0FF30C5F8080370BDA8000020E5
:1088800010B50446FEF732FC0349C978084000D011
:1088900001202060002010BDA800002070B5EFF37B
:1088A000108472B6084D687800B9FFDF6878401E02
:1088B0006870687818B9A87808B9FEF731FC002C00
:1088C00000D162B670BD0000A800002010B5EFF323
:1088D000108472B606484178491C417040780128DE
:1088E00001D1FEF719FC002C00D162B610BD0000CA
:1088F000A8000020054810B5C17821B10021017100
:10890000C170FFF7CBFF002010BD0000A8000020C1
:1089100070B50C4CE17861B90125E5706061FFF735
:10892000D5FFFEF7E3FB30B1606910B1804700204E
:108930006061002070BD4FF080402571C0F8045385
:10894000F7E70000A8000020EFF3108072B604499A
:108950008A78521C8A70002800D162B670470000E5
:10896000A800002070B5EFF3108472B6084DA87807
:1089700000B9FFDFA878401EA870687818B9A878F9
:1089800008B9FEF7CDFB002C00D162B670BD000027
:10899000A80000202DE9F04104006FF015003AD046
:1089A0002178042937D80029617836D0002932D1BE
:1089B000A17800292FD10020FEF76FFB0020FEF7E1
:1089C00045FB4FF080404FF0FF31C0F80813002501
:1089D000C0F80051C0F80451C0F80C51C0F8105153
:1089E000134E7570A0887081FEF78EFB012708B1C9
:1089F000F77077700F480068C00701D0FEF770FB72
:108A00002046FEF779FF0020FEF720FB4FF0E02123
:108A10002846C1F80071BDE8F0810029FBD020296B
:108A2000F9D8A1782129F6D80129C4D1F3E70000AB
:108A3000A80000200C04004030B5024600200029A8
:108A40001AD0A2FB0101400A40EAC150490A441C65
:108A500041F1000040F2A175611940F100004A1C8B
:108A600040F100010020D2F1FF32884100D2FFDF47
:108A700004F5F464B4FBF5F030BD4FF08050D0F84D
:108A800030010F2801D000207047012070474FF0BF
:108A90008050D0F830010A2801D000207047012012
:108AA00070474FF08050D0F830010E2801D00020E0
:108AB0007047012070474FF08050D0F830011028E7
:108AC00001D000207047012070474FF08050D0F84F
:108AD0003001062803D0401C01D00020704701203F
:108AE000704700B5FFF7F1FF48B14FF08050D0F864
:108AF0003401062803D3401C01D0012000BD002012
:108B000000BD00B5FFF7E1FF38B14FF08050D0F85D
:108B10003401062803D3401C01D0002000BD0120F1
:108B200000BD4FF08050D0F830010D2801D000205A
:108B30007047012070474FF08050D0F8300108286E
:108B400001D00020704701207047000000B5FFF7FA
:108B5000F2FF28B9FFF7E5FF10B9FFF7ACFF08B146
:108B6000014800BD014800BD00E701400C05004080
:108B700000B5FFF7A0FF30B9FFF7D3FF18B9FFF733
:108B8000DAFF002800D0012000BD00B5FFF793FFF9
:108B900030B9FFF7C6FF18B9FFF7CDFF002800D0A6
:108BA000012000BD70B5194C06460D46607810B125
:108BB0004FF0FF3070BD06B9154E62602570FFF7AB
:108BC000E7FBFFF7F5FB3046FFF7E4FE0028F1D1A5
:108BD00002F034F901210F4800F016FA0600E9D13D
:108BE00000F052FA2846FEF73EFA0120002D09DB7C
:108BF00005F01F0100FA01F16A09920002F1E0227A
:108C0000C2F800116070304670BD0000A401002061
:108C10000CB40100DC0E0020074890F90000002889
:108C200009DB00F01F02012191404009800000F1A2
:108C3000E020C0F800127047A401002000F090B8B6
:108C4000EFF3108172B60278012A01D0012200E010
:108C500000220123037001B962B60AB100207047F7
:108C60006FF0220070470021017008467047EFF353
:108C7000108172B60022027001B962B600207047FE
:108C800070B505000C464FF00000014625D06FF08E
:108C90001503012D04D0022D04D0032D20D103E0B3
:108CA000012002E0022018E00320092C18D2DFE89E
:108CB00004F0170507090B0D0F11130001210CE03B
:108CC00002210AE0032108E0042106E0052104E076
:108CD000062102E0072100E0082101F001F9034626
:108CE000184670BD00B5024604200B4904E000BFE1
:108CF00001EBC0031B792BB1401EC0B2F8D2FFDFDD
:108D0000FF2000BD41F8302001EBC00100224A7174
:108D10008A7101220A7100BD8C09002010B5044639
:108D2000042800D3FFDF094800EBC40420790128A0
:108D300000D0FFDF6079A179401CC0B2814200D031
:108D40006071BDE81040FFF767BF00008C0900208C
:108D5000024A002102EBC000017170478C0900201B
:108D600070B504250E4E0F4C16E0217806EBC100BD
:108D70000279012A08D1427983799A4204D0427952
:108D8000827156F8310080472078401CC0B22070B4
:108D9000042801D3002020706D1EEDB2E5D270BD15
:108DA0008C090020C000002010B5FFF78EFEE0B156
:108DB000EFF31080D8B1002172B612480268036840
:108DC000C2F3001243F0100303604FF0E023D3F826
:108DD0000042D3F804321C4300D040BF20BF00BF84
:108DE00000BF00BF00BF22B107E020BF10BD0121BE
:108DF000E2E7026822F0100202600029F6D062B6B3
:108E000010BD000010ED00E02DE9F04101264FF00B
:108E1000E02231034FF000084046C2F88011BFF352
:108E20004F8FBFF36F8F164CC4F800010C20FEF774
:108E300027F9144D2868C04340F30017286840F014
:108E400010002860C4F8046326607F1C02E000BFA5
:108E5000FFF7AAFFD4F800010028F9D01FB928684D
:108E600020F010002860084805686660C4F80863B0
:108E7000C4F800810C20FEF703F92846BDE8F08114
:108E800000C0004010ED00E008C50040014802F0BD
:108E900069B80000FD7A010070B5050009D0064CE4
:108EA000294605482668FEF7B3FC2168B142F7D190
:108EB00070BD002070BD0000A00100202DE9F0472A
:108EC0000F460446FFF79AFB40B16FF01509FCB15D
:108ED00021463648FEF79CFCD0B903E06FF0220033
:108EE000BDE8F087002020616061A061E06102F0D0
:108EF00048F8DFF8BC800646002527B3012F03D0D1
:108F0000022F20D0FFDF41E02A4D2068A84203D97C
:108F1000FFF76AFB4846E3E7217AFFF728FC801B4E
:108F200020F07F40B0F5000F0AD2304600F00CFF71
:108F30002168814201D30D1A12E0281A45180FE06A
:108F400026F07F4029E0207A256818B13E2D04D212
:108F50003F2502E05D2D00D25D25022F00D1A561E5
:108F60004046854212D9B5FBF0F108FB115707B90D
:108F70000746217A3846FFF7FAFB304420F07F405D
:108F8000E91B6061B1FBF8F0207407E0217A284604
:108F9000FFF7EDFB304420F07F4060612046FFF793
:108FA000F1FAFFF721FB00209AE70000A001002062
:108FB0000020A107E17F841E70B5124C054626688B
:108FC000FFF71CFB80B195B129462046FEF720FC37
:108FD00068B129462046FEF727FC2068B0420DD034
:108FE00050B1FFF759F909E06FF0220070BDFFF7AB
:108FF000FBFA6FF0150070BD01F0C0FFFFF7F4FA47
:10900000002070BDA001002010B5820702D06FF0D3
:109010000D0010BD044A117050604A010021FFF795
:10902000EDFB002010BD0000D001002001480078B9
:1090300070470000D001002004490A78904201D313
:1090400000207047496801EB40107047D0010020B4
:10905000094B10B55A6800211B7809E002EB411456
:10906000E478844202D102EB411010BD491CC9B220
:109070009942F3D3002010BDD001002001490860BF
:1090800070470000CC01002070B5FFF7CFFF054608
:10909000002406E02046FFF7CFFFFFF763FB641CC8
:1090A000E4B2AC42F6D370BD2DE9F0410546002094
:1090B000FFF7C2FF040000D1FFDFA0786FF02206A7
:1090C000012801D002280BD16FF015075DB12846A9
:1090D000FFF730F938B1287838B1A078022809D0E4
:1090E0003046BDE8F0813846FBE729462046FFF7C9
:1090F000EDF803E029462046FFF700F9E07804F197
:109100000801FEF78FFB00B9FFDF0020E9E710B58B
:109110000020FFF791FF20B101786FF0220271B9B2
:1091200003E0FFDF6FF0010010BD817839B1022943
:1091300007D0012905D001210170002010BD104683
:1091400010BDFFF747F9F8E72DE9F041050006D01B
:10915000FFF76CFF074600246FF022060AE06FF06D
:109160001500BDE8F0812046FFF766FF807820B14A
:10917000641CE4B2BC42F6D312E02046FF2C0FD0B0
:10918000FFF75AFF0446FFF7EDFA064801F046FDE7
:10919000E070202804D001206560A0700020E0E786
:1091A0003046DEE7F97B01007047000070B50B4CDC
:1091B0006078002810D000256560FFF7F5FF01F00A
:1091C000AFFEFFF737FBFFF7E3F8FFF7F1F894F98D
:1091D0000000FDF773FF657070BD0000A401002062
:1091E0002DE9F04F744E074687B096F833008A4653
:1091F000202808BFFFDF06F1100496F83300DFF8DF
:10920000BC9100EB800009EB800820208DF8000065
:1092100096F8320003AA06EB800001A990F82450CA
:10922000706902907068384400F02EFE9DF90C00C1
:10923000002802DD0198401C0190D8F8080001992F
:10924000642F084432D35E4B0022DB1B72EB020119
:109250002CD3D8F80410411A21F07F41B1F5800FCA
:1092600024D220F07F406060534884F80CA090F82E
:109270003200EA46202D1CBF524901EB801B44D02E
:1092800005EB850009EB80086068D8F804202146CA
:10929000101A0002C21700EB126008F10406001257
:1092A00021D4708988B3488920B12EE007B001200D
:1092B000BDE8F08F2046FFF703F905AA04A900F0E6
:1092C000E3FD9DF914000028CCBF0120002000F12F
:1092D000330104983268101A0002C21700EB1260C2
:1092E0000012884211DA8AF8005098F81010207B9A
:1092F000814205D80298606007B00320BDE8F08F76
:109300000BEB45004578202DBAD12B4DE868B0F124
:10931000FF3F16D000F0B8F8E968081A0002C1173C
:1093200000EB11600012022805DC0298606007B0B3
:109330000220BDE8F08F052000F0E0FA4FF0FF308A
:10934000E86095F832309DF800202021202A13BFD4
:10935000052005EB830090F82400FDF7ABFF95F89E
:109360003220184901EB821195F8332001EB4201BC
:109370004870686838446860012085F82F00687F6D
:1093800001280AD1286869694078012811D880B17C
:10939000081A20F07F4000F015F99DF80000202801
:1093A00003D009484078FFF7B9FC07B00020BDE8BA
:1093B000F08F0120ECE70000540900205406002043
:1093C000FF1FA107D40800208C00002030B50D46F7
:1093D0000D4A44190021101A71EB010038BFFFDF5C
:1093E0000A488542C8BFFFDF09488542B8BFFFDF92
:1093F00008488442A8BF084804DA002CAABF2046C7
:10940000044830BD201830BDFF7F841E0020A10716
:1094100000E05EF80080841E00807BE10F4A0B1A9A
:1094200002F1010CB3EB9C0F3CBF1846704710B51E
:10943000441AB4EB9C0F3CBF184610BD9A4203D2AD
:10944000101A0844401C10BD94429EBFFFDF00204C
:1094500010BD511A0844401C404210BDFF7F841EBD
:10946000074991F83420824204BF8868704700EBB6
:109470008000044901EB8000001DFFF721B80000C7
:10948000540900205406002001480068704700007D
:1094900004B500402DE9F05F404E0446F71E96F8F3
:1094A00000C0F868BCF1010F04BFA042BDE8F09F06
:1094B0004FF040413A4A11603A496FF48023C1F8B5
:1094C0000833394A4FF00005BCF1000F57D06FF454
:1094D000A023C1F848331560C1F84451D1F84821A0
:1094E0004FF0E0294FF00108002A04BF4FF400625A
:1094F000C9F880224FF48033C1F80833C1F84833EB
:10950000C1F84051294AD2F800A0A4EB0A0A2AF077
:109510007F4BBBF1020F3CD34FF0020ABBF5800F2B
:1095200037D2C1F84045C1F84433BCF1000F05D033
:109530001168411A21F07F410229F9D3C7F8088048
:109540003D70FEF7ADFA1A480560001DC0F800A096
:109550001849042008601849C1F80C80BA68C1F89D
:1095600000228101C9F88012C9F80011134A41078D
:109570001160FC60707086F80080BDE8F09FC1F853
:1095800048330F4B1D60C1F840511560C1F844517C
:10959000A4E7C1F84055FFDFBDE8F09F9B00002025
:1095A00008F5014000B0004044B5004004B500405B
:1095B00004850040108500400080004004F5014013
:1095C00040B5004070B5264E0446F068A04214BF76
:1095D00001200020234D2978022903D0002808BF4C
:1095E000FFDF02E0002808BF70BD7078002808BFC8
:1095F000FFDF4FF080401C4908601C498313C1F80D
:109600000833C1F848330020C1F84001184AD2F8A5
:1096100000C0A4EB0C0C2CF07F4CBCF1020F1AD351
:10962000BCF5800F17D2C1F84045C1F84433287803
:10963000002818BFF16805D01068081A20F07F4391
:10964000022BF9D30B4A0220410711600421F46078
:109650006970287070BDC1F84005FFDF70BD000063
:10966000980000209B00002008F5014000B0004059
:1096700004B5004004F501400148C068704700008F
:10968000980000202DE9F04130486FF48023C0F8A5
:1096900008332F4F2F4A0024397861B16FF4A0238B
:1096A000C0F848331460C0F8444100BFD0F8480106
:1096B000012680B909E0C0F84833274B1C60C0F888
:1096C00040411460C0F84441F0E74FF0E0224FF40D
:1096D0000060C2F88002022918BFFFDF1F4A10682D
:1096E0001F4DC01C20F07F40E968DFF87880884279
:1096F0000BD01368CB1A23F07F43042B05D3B3F5AB
:10970000800F02D2FFF7C6FE1BE01068081A20F097
:109710007F40022813D3B0F5800F10D212494FF0CA
:1097200080400860AE602C70C8F80460C8F80C6017
:109730004000091F0860042078703E7001E0AE60B0
:109740002C70A868C8F80002BDE8F08100B00040A5
:109750009B00002044B5004040B5004004B50040E7
:10976000980000200080004008F501402DE9F047F6
:109770000646DFF874A10127994615460C464FF0BE
:109780000008072E7DD2DFE806F0040404046B6BAA
:109790006B005648C168B1F1807F02BF4078002855
:1097A000FFDF9AF80000022837D19AF801108A00EA
:1097B00002F180430A1F1206920D02F1804203F566
:1097C000004302F5304200BF4FF0000C012802D0E8
:1097D000022810D01EE0042905D2D3F840A1BAF126
:1097E000000F17D104E0D2F840A1BAF1000F11D157
:1097F0004FF0004C0EE0042905D2D3F840A1BAF195
:10980000000F07D104E0D2F840A1BAF1000F01D156
:109810004CF0804C1CF0804FD6D1354A06F1100038
:1098200007FA00F1C2F80813B000104475B10764DC
:10983000D0F840C5A4EB0C0323F07F439D4298BFB2
:10984000B3F5800F28BFC0F8408546D2C0F8404528
:10985000B9F1010F08BFC2F804130120BDE8F08779
:109860009AF8000020B19AF80100B04208BFFFDF6B
:10987000301FC6B2B9F1010F18BF4FF00009032E17
:1098800000E02DE028BFFFDF06F1100007FA00F02E
:109890001849C1F80803C1F84803B2005318C3F8C7
:1098A000408175B1144AD2F800C0A4EB0C0222F03A
:1098B0007F42954298BFB2F5800F28BFC3F840851C
:1098C0000BD2C3F84045B9F1000F18BFC1F804032B
:1098D000C1F844030120BDE8F0870020BDE8F0870F
:1098E000FFDF0020BDE8F0879B00002098000020EB
:1098F0000080004000B0004004B50040F8B50127EA
:109900000024072843D2DFE800F0040404041616FC
:109910001600204A00F1100107FA01F1C2F80813FD
:1099200081001144C1F84045C1F840411A4951F83D
:1099300020000090F8BD194D011FCEB2297879B1F1
:109940006A7882420CD1164A4FF0404010600129DB
:1099500008BFFEF7A5F82C7012494FF08070C86060
:1099600006F1100007FA00F10F48C0F80813C0F81C
:109970004813B00000F1804000F53040C0F8404589
:10998000C0F84041094850F826000090F8BDFFDFBC
:10999000F8BD000000800040408100409B00002096
:1099A00008F501409800002000B0004040B10040A0
:1099B0001E496FF48023C1F808331D481D4A90F8F2
:1099C00000C00020BCF1000F0AD06FF4A023C1F842
:1099D00048331060C1F84401D1F8481181B909E059
:1099E000C1F84833144B1860C1F840011060C1F849
:1099F0004401F1E74FF0E0224FF40061C2F8801219
:109A00000E494FF0FF32C1F808230D4A1060C1F82B
:109A10004001121D1060C1F84401121D1060C1F810
:109A20004801121D1060C1F84C01704700B00040A1
:109A30009B00002044B5004040B50040008000403D
:109A40004085004010B5094C94F83300202808BF29
:109A5000FFDF94F8330094F83310054A01EB8101DD
:109A600052F82120BDE8104004211047540900207D
:109A700054060020084890F902000028B8BF70473B
:109A800000F01F01012202FA01F14009800000F1FB
:109A9000E020C0F80012704798000020014988704B
:109AA000704700009800002000B507280DD2DFE8BD
:109AB00000F00404040406060600054902E0001F45
:109AC0000449C0B201EB800000BDFFDF002000BDF3
:109AD0004081004040B100402DE9F05FDFF858922E
:109AE000964901254FF00008A9F5207A09F1800474
:109AF000082880F01E81DFE800F00492D1E2FD5DCD
:109B0000E8ED94F8300018B9FEF7E0FE84F8305024
:109B1000608B20B1FDF7EAFA002808BFFFDF94F858
:109B2000330020281CD194F8327004EB870B9BF88B
:109B30002460202E08BFFFDF09EB871000EB4600F2
:109B400040788BF824008BF8275084F82F5031464A
:109B500084F833603A460220FEF7E2FC84F82E8057
:109B600084F82D50E168B1F1FF3F07D001230322B3
:109B70000520FFF7FBFD002808BFFFDF607F0128FD
:109B80000AD1206861694078012811D880B1081A8B
:109B900020F07F40FFF716FD94F8330094F833105F
:109BA00001EB81015AF82120BDE8F05F0121104747
:109BB0000120ECE794F8330020281CD194F832708F
:109BC00004EB870B9BF82460202E08BFFFDF09EB16
:109BD000871000EB460040788BF824008BF8275064
:109BE00084F82F50314684F833603A460220FEF75D
:109BF00097FC84F82E804FF0FF30E06094F82D0041
:109C0000002808BFFFDF94F8330094F8331001EB0D
:109C100081015AF82120BDE8F05F0621104794F831
:109C2000330020281CD194F8327004EB870B9BF88A
:109C30002460202E08BFFFDF09EB871000EB4600F1
:109C400040788BF824008BF8275084F82F50314649
:109C500084F833603A460220FEF762FC84F82E80D6
:109C600084F82C50FDF742FA002808BFFFDF94F873
:109C7000300018B9FEF72AFE84F830504FF080709B
:109C8000FDF784FD94F8330094F8331001EB810163
:109C90005AF82120BDE8F05F00211047FFF7EAFEE7
:109CA000608B20B1FDF722FA002808BFFFDF2448AF
:109CB0000078032808BF84F82150BDE8F09F2148B0
:109CC000056088680560BDE8F09F0878BDE8F05F32
:109CD000FFF724B894F8330020281ED194F832708E
:109CE00004EB870B9BF82460202E08BFFFDF09EBF5
:109CF000871000E01DE000EB460040788BF8240060
:109D00008BF8275084F82F50314684F833603A4658
:109D10000220FEF705FC84F82E8094F8330094F8B6
:109D2000331001EB81015AF82120BDE8F05F0521D5
:109D30001047FFDFBDE8F09FD40800208C00002012
:109D40008E00002008050040410A43F609525143A5
:109D5000C0F3080010FB02F000F5807001EB50200A
:109D60007047000000B507280DD2DFE800F00404BA
:109D7000040406060600054902E0001F0449C0B2BB
:109D800001EB800000BDFFDF002000BD40810040EE
:109D900040B1004070B51948002404210470C01E71
:109DA00001708905C160FDF77BFE01254FF0E02CB5
:109DB000EB02CCF88031BFF34F8FBFF36F8FCCF83D
:109DC00080320F4A556095600E4801680029FCD129
:109DD000481EC2F80803C2F848030B480460C2F8E2
:109DE0004041001D0460C2F84441001D0460C2F8F7
:109DF0004841CCF80031156070BD00009B00002088
:109E000000B0004004B5004040B500402DE9F041ED
:109E10000127FE024FF0E0250024C5F8806105F51A
:109E2000C075BFF34F8FBFF36F8FF0102860BFF383
:109E30004F8FBFF36F8FFDF733FE2E60BFF34F8F51
:109E4000BFF36F8FC5F800610C4A576097600C48EC
:109E500001680029FCD1481EC2F80803C2F8480373
:109E600008480460C2F84041001D0460C2F8444143
:109E7000001D0460C2F84841BDE8F08100B0004018
:109E800004B5004040B50040430B48F2376C03FB7B
:109E90000CF31B0C4FEA432CC1F800C0DFF838C0AC
:109EA00003FB0C030D484CF2F72C5843400D10FBFC
:109EB0000CFC0CEB432303F580735B1213700B68EF
:109EC0001844086010781F2818BF704700201070D1
:109ED0000868401C08607047F7C2FFFF6F0C010064
:109EE000012806D0032808BF002904D16FF015000F
:109EF00070470029FAD00346294810B590F832C0BF
:109F0000284C002004EB8C1C1CF8104014B16FF09E
:109F1000720010BD401CC0B22028F5D32248002B8F
:109F200018BF022B08D0092937D2DFE801F0360923
:109F30000D181D22272C310000214170418008E0BE
:109F400007214170C82103E00E2141704FF4D27106
:109F5000418003701046FFF7A1FD002010BD1B21BA
:109F600041704FF44871F3E73A21417040F2CC61FF
:109F7000EEE75821417040F67821E9E777214170FA
:109F800040F62461E4E79621417041F2D011DFE709
:109F9000B521417041F27C51DAE76FF0150010BD38
:109FA00054090020D40800208E0000202DE9F34F32
:109FB000FB4895B088460068FA4CC005C00D0ED02D
:109FC000103840B20028B8BF00F00F0000F1E020C8
:109FD000ACBF90F8000490F8140D40092CD098F80C
:109FE00000004FF0000B00281CBF0128FFDFEE4DE2
:109FF0002DB14FF0000140F23370AFF3008015989F
:10A00000EA4900EB800001EB80004FF0010901906C
:10A0100025B1002140F23B70AFF30080B9F1000F91
:10A0200017D000BF94F832604FF0000A84F82FA0D8
:10A03000BBF1000F14D03BE094F833004FF0010B5C
:10A04000202808BFFFDF98F80000002818BFFFDFB6
:10A05000CDE7D748002818BFAFF3008062B6E1E72C
:10A060003746012020EA0706D248402200EB87113C
:10A0700000EB8610FEF7A2FB25B1002140F29D50B7
:10A08000AFF3008004EB870104EB8600496A41626C
:10A0900025B1002140F2A150AFF3008025B100218D
:10A0A00040F24570AFF3008094F82F000028AFD144
:10A0B00025B1002140F24F70AFF30080FFF7E4F9C3
:10A0C000074602A8089098F80000002898F80B00AE
:10A0D0008DF8150098F80A108DF81410B8F80810CB
:10A0E000ADF812100090D8F804305CD00022089827
:10A0F000FDF740F8069720680FAA09A990F8039089
:10A10000BDF81200FFF7C0FE94F83300202850D0AD
:10A110006069484420F07F40DDE90221891A0290FD
:10A12000084420F07F40039031460898FDF74EF92F
:10A1300098F80B000090B946B8F8081010A8D8F8A5
:10A140000430D8F80C20FDF715F80298039AA0EB1C
:10A15000090020F07F40A2EB0902119922F07F4212
:10A16000B0F5800F01D2914209D2DDE90221891AAE
:10A17000781827F07F4220F07F40CDE9022025B1FA
:10A18000002140F25670AFF300808A4A3946DDF86C
:10A19000549002EB861702A817F81920012A18BF5D
:10A1A000022A1DD05CE0D8F80C200898FCF7E2FFEA
:10A1B000E5E70698484400F10409BDF8120028B10B
:10A1C000FCF794FF002808BF09F132097A4841786A
:10A1D0000998814284BF081A814429F07F409BE797
:10A1E0002268DDF80CC0DFF8D4A19378029A521AE5
:10A1F00022F07F42ACEB010121F07F41934298BFF6
:10A20000B2F5800F64D28A4562D34FF0010A10ABD9
:10A210000FAA3146FDF724FA002861D09DF83C10C2
:10A220009DF8402033468A425ED00520FDF742F873
:10A2300007EB490148709DF83C00202803BF04EB60
:10A24000860080F8249080F827A007EB400018BF14
:10A2500080F80190324649465FF00300FEF760F94E
:10A2600004EB860090F8277025B1002140F25D7064
:10A27000AFF300805248002818BFAFF30080EFF31F
:10A28000108972B625B1002140F26370AFF30080EF
:10A2900094F82F0000287FF4BBAE25B1002140F2D6
:10A2A0006B70AFF300800DF1040EBAF1000F9EE861
:10A2B0000F1000F1040080E80E1041D025B10021FC
:10A2C0004FF4EF60AFF30080BBF1000F2BD115E02E
:10A2D000324649460420FEF723F94FF0010ABFE752
:10A2E000324649460420B9E7202919BF07EB41004F
:10A2F000407804EB860090F8240099E79FB194F829
:10A30000330020280FD125B1002140F27D70AFF33A
:10A31000008031460220FEF781F920B998F800004C
:10A32000E0B301285DD025B1002140F29A70AFF36F
:10A33000008084F83260012084F82F004FF0010A79
:10A3400025B1002140F2A370AFF30080B9F1000FF6
:10A3500050D025B1002140F2A770AFF30080BAF1D0
:10A36000000F11D094F8320004EB800090F8250023
:10A37000202809D025B1002140F2AE70AFF3008053
:10A3800010484078FEF7CAFC25B1002140F2B370B6
:10A39000AFF3008017B05046BDE8F08F14E0000026
:10A3A00004ED00E0540900200000000054060020E5
:10A3B00000000000D40800208E000020FFFF3F00B6
:10A3C000000000008C00002025B1002140F28570C3
:10A3D000AFF3008094F8322004201599FEF7A0F81E
:10A3E000ACE7002D3FF414AE00214FF4F260AFF360
:10A3F00000800DE60348002818BFAFF3008062B666
:10A40000A7E70000000000002DE9F04F0546DF48F7
:10A4100095B00068C005C00D11D0103840B20028BA
:10A42000B8BF00F00F0000F1E020ACBF90F80004CE
:10A4300090F8140D400908BF4FF0010B01D04FF008
:10A44000000B287800284FF000001CBF15B0BDE8B5
:10A45000F08FDFF83C83CF4E4FF00009CDF830008D
:10A46000B8F1000F04D000214FF4C560AFF30080B5
:10A4700096F8327086F82F904FF0000AB8F1000F6E
:10A4800004D0002140F22D60AFF30080BBF1000F3B
:10A4900021D13C46012020EA0407BF48402200EBBE
:10A4A000841100EB8710FEF789F9B8F1000F04D092
:10A4B000002140F29D50AFF3008006EB840106EBD3
:10A4C0008700496A4162B8F1000F04D0002140F2D0
:10A4D000A150AFF30080B8F1000F04D0002140F28A
:10A4E0003560AFF30080FEF7CFFF044602A8069068
:10A4F00028780028E87A8DF81500A97A8DF81410CC
:10A500002989ADF8121000906B6817D000220698C8
:10A51000FCF730FE0194306810AA0FA9C0780090B3
:10A52000BDF81200FFF7B0FC96F8330020280AD0DF
:10A5300071690098084420F07F401FE0EA6806989F
:10A54000FCF718FE48E0DDE900100844001D079004
:10A55000BDF8120028B1FCF7C9FD10B907983230D8
:10A5600007908E480F994078884298BF079803D982
:10A57000411A07980844079020F07F40DDE9022146
:10A58000891A0290084420F07F40039039460698CB
:10A59000FCF71CFF0994E87A0090298910A86B68E1
:10A5A000EA68FCF7E7FD099B0298039AC01AD21AE1
:10A5B00020F07F40119922F07F42B0F5800F01D248
:10A5C000914209D2DDE90221891A601824F07F4204
:10A5D00020F07F40CDE90220B8F1000F04D0002127
:10A5E00040F23B60AFF3008096F83300202814D08F
:10A5F00071690298401A0002C21700EB1260001243
:10A600000BD5DDE90220801A084421F07F4220F0BA
:10A610007F40CDE902204FF0010AB8F1000F09D0C8
:10A62000002140F24560AFF30080002140F24B6012
:10A63000AFF300800299039A091B121B584821F0BE
:10A640007F4122F07F42B1F5800F05D2904203D3C3
:10A65000BBF1000F0AD103E0BBF1000F39D077E066
:10A66000394602A8FCF7B2FE4AEA000ABAF1000F26
:10A6700023D00298FFF768FBBDF812109DF9102057
:10A6800000231144CF1C474AC419101A73EB090068
:10A6900038BFFFDF44488742C8BFFFDF43488742D7
:10A6A000B8BFFFDF42488442A8BF424803DA002C0B
:10A6B000B8BF3F4800DA2418EC604FF001000C905E
:10A6C000B8F1000F44D0002140F25E60AFF300808B
:10A6D0003EE03068274608AAC478BDF8120007A9F2
:10A6E000FFF7D2FB96F8330020283AD07069204457
:10A6F00020F07F40DDE90221891A014421F07F41E9
:10A70000CDE90201FFF720FBBDF812109DF91020E2
:10A7100000231144CF1C234AC419101A73EB0900FB
:10A7200038BFFFDF20488742C8BFFFDF1F4887428E
:10A73000B8BFFFDF1E488442A8BF1E4803DA002CC2
:10A74000B8BF1B4800DA24184FF00100EC600C90F1
:10A7500096F82F0000287FF483AE0C9815B0BDE862
:10A76000F08F3819041DBDF8120020B1FCF7BEFCB3
:10A77000002808BF3234094807994078884284BFCE
:10A78000401A044424F07F40B4E7000004ED00E0E8
:10A790000000000054090020D40800208E00002092
:10A7A000FFFF3F00FF7F841E0020A10700E05EF84E
:10A7B0000080841E00807BE12DE9F14F804D8CB03C
:10A7C00095F832000020099001207E4C4FF00008DF
:10A7D000A5F180078346089024B1002140F2C270A1
:10A7E000AFF30080089890B385F82F8024B1002142
:10A7F00040F2C770AFF3008095F8329040222BEA08
:10A80000090607EB861007EB89118246FDF7D6FF94
:10A8100024B1002140F29D50AFF3008005EB86008B
:10A8200005EB89010090496A416224B1002140F2A0
:10A83000A150AFF3008095F82F0080B1002C1CBF11
:10A84000002140F2CD70C7D0AFF30080C4E7FFE72E
:10A850005D48002818BFAFF3008062B6C4E724B19A
:10A86000002140F2D170AFF300800C981AF810006C
:10A87000032878D1DDF80090CDF818900C9999F85C
:10A880002400884214BF4FF0000A4FF0010A09F17A
:10A89000240C8646202207EB861303E0024603EBD6
:10A8A00042004078884202D020280AD0F6E72028CB
:10A8B00007D0864507D103EB4E0040788CF80000A6
:10A8C00007E040460CE003EB400003EB4201407818
:10A8D000487024B1002140F22250AFF30080584666
:10A8E00010EA0A0F18BF89F827B0E0B324B100219D
:10A8F00040F2D670AFF30080324601200C99FDF78C
:10A900000FFE069890F8279024B1002140F2E170E4
:10A91000AFF300802D48002818BFAFF30080EFF39D
:10A92000108072B6089024B1002140F2E670AFF3B7
:10A93000008095F82F0038B1002C1CBF002140F298
:10A94000EA703FF449AF7FE7B9F1000F08D095F8FE
:10A950003300202804D131460220FDF75FFEF8B114
:10A9600034B1002100E009E040F2FE70AFF3008056
:10A9700085F8326085F82FB00120099024B10021BC
:10A9800040F60700AFF30080089888B124B1002199
:10A9900040F60B00AFF3008009980DB0BDE8F08FD2
:10A9A000002CF1D0002140F2F970AFF30080E6E70F
:10A9B0000548002818BFAFF3008062B6E6E7000044
:10A9C000540900200000000000000000000000000A
:10A9D00010B5202811D20E4991F83230A1F1800231
:10A9E00002EB831C1CF810303BB191F8323002EBC3
:10A9F000831212F81020012A01D0002010BD91F816
:10AA0000322001460020FDF78BFD012010BD000023
:10AA100054090020202070472DE9F05F7B4E8046CE
:10AA200096F83200A6F1800707EB801010F81800A6
:10AA3000002808BFFFDF96F83290754D25B1002140
:10AA400040F64F30AFF3008007EB891414F818007C
:10AA5000012818D0C0B204281CBF052806284FD0F2
:10AA60002DB14FF0000140F65B30AFF30080FEF7F0
:10AA70009BF925B1002140F65F30AFF3008014F858
:10AA800018000128E6D1012425B1002140F66630E6
:10AA9000AFF300809CB3002086F82F0025B1002181
:10AAA00040F66B30AFF3008096F832B0012020EA18
:10AAB0000B0907EB8B1107EB89104022FDF77EFE97
:10AAC00025B1002140F29D50AFF3008006EB8B00D2
:10AAD00006EB890A406ACAF8240025B1002140F239
:10AAE000A150AFF3008096F82F00B0B1002D1CBF2D
:10AAF000002140F67130C7D0AFF30080C4E705E015
:10AB00004A4641460120FDF70BFDB2E741480028C7
:10AB100018BFAFF3008062B6BDE725B1002140F653
:10AB20007530AFF300809AF825300AF125014046D0
:10AB30001C464FF0200B07EB89120AF1260A04E0AD
:10AB4000A34602EB4B0C9CF80140844202D0202C1F
:10AB50002BD0F5E7202C28D0A34204D102EB4300F0
:10AB60004078087005E002EB440002EB4B014078AE
:10AB70004870BAF1000F11D025B1002140F21A50EF
:10AB8000AFF300809AF80000A04207D125B1002160
:10AB900040F21D50AFF300808AF800B05DB1002193
:10ABA00040F22250AFF3008000E025B1002140F6D2
:10ABB0007930AFF300801848002818BFAFF3008049
:10ABC000EFF3108472B696F82F0038B1002D1CBF39
:10ABD000002140F67F303FF457AF8DE786F8329082
:10ABE000012086F82F0054B1002D08BFBDE8F09F6A
:10ABF000002140F68C30AFF30080BDE8F09F05489F
:10AC0000002818BFAFF3008062B6EDE754090020BA
:10AC100000000000000000000000000003460E4895
:10AC200010B590F832200024803800EB821000BF6D
:10AC300010F8141029B1611CCCB2202CF8D32020BC
:10AC400010BD064904EB840041F820302146012064
:10AC5000FDF766FC204610BD540900205406002074
:10AC60002DE9F041FEF710FC0546FEF7A1FE404C31
:10AC7000E068B0F1FF3F1CBF4FF0FF30E06094F898
:10AC80003500A8B9D4E90401081A0002C11700EB85
:10AC9000116000124FF40C71FDF7CEFE616908449B
:10ACA000281A0002C11700EB1160001258BFFFDF25
:10ACB000607F002836D0FEF7E5FC00BF94F82E0038
:10ACC000002818BFFFDF012784F82E7094F83300A6
:10ACD000202808BFFFDF94F83380202084F8330059
:10ACE00084F83400002584F82C5084F82D50214835
:10ACF00065600078022816BF03280120002084F830
:10AD0000200094F832604FF001003146FDF786FCD8
:10AD10000028F8D0184800EB861010F81800022818
:10AD200006D00AE0E81C20F07F40FEF7B3FBC5E741
:10AD3000324641460620FDF7F3FB84F82F7004EB02
:10AD4000860090F82500202803D00C484078FDF7B5
:10AD5000E5FF94F82000002808BFBDE8F081FEF769
:10AD600089FE84F8205084F82150BDE8F08100006D
:10AD7000540900208E000020D40800208C00002000
:10AD80000020FEF7EFBF0020FEF78EBE0520FEF785
:10AD90008BBE000070B5234D064682B095F8330097
:10ADA000202808BFFFDFE868B0F1FF3F18BFFFDFD2
:10ADB000A96800208C191C4A511A804138BFFFDF56
:10ADC0001A488642C8BFFFDF19488642B8BFFFDF76
:10ADD00018488442A8BF184803DA002CB8BF1548A9
:10ADE00000DA2418204601AA6946FFF74DF89DF9BC
:10ADF00004000F28CCBF012000200099084420F057
:10AE00007F41E96095F82D00002804BF02B070BDB5
:10AE1000012303220520FEF7A9FC002808BFFFDF5D
:10AE200002B070BD54090020FF7F841E0020A107DE
:10AE300000E05EF80080841E00807BE170B5224C4B
:10AE4000202084F8240084F8250084F826000025BA
:10AE500084F8275084F8325084F83300691E656006
:10AE6000E16084F82C5084F82D5084F8205084F848
:10AE7000215084F8340084F83050144884F831505C
:10AE800084F83550057045704580FCF77FFF002839
:10AE90000CBF0F480F4820600F481021491E8570D5
:10AEA00000F8045FFAD1012084F82E000B4CFF203B
:10AEB00020700B48FDF716FF6070FDF747FEA0609D
:10AEC000BDE87040FEF766BF540900208E000020E8
:10AED000C7B20100CBB20100D20800208C000020D4
:10AEE000FD83010070B50546012000FA05F40E4609
:10AEF000002A08BF08480CD00020FEF733FFE90005
:10AF000001F1804101F5F831C1F81005C1F814656F
:10AF10000248046070BD000008F5014004F50140DE
:10AF200010B5FEF773FF0D4C2078FF2818BFFDF712
:10AF30000FFF6078FDF70CFFFF202070084C94F89D
:10AF4000300020B1FDF7AAFC002084F83000BDE8F5
:10AF500010404FF08070FCF719BC00008C000020FE
:10AF60005409002010B5044C2178FF2918BF10BDEA
:10AF7000FDF7B8FE207010BD8C0000200620FEF703
:10AF8000BDBCFEF781BA00000148007870470000A0
:10AF90008C00002070B505461148002818BFAFF39B
:10AFA0000080EFF3108272B6002A14BF012400243F
:10AFB0000123032229460620FEF7D8FB054644B1AB
:10AFC000002D18BF70BD07480078BDE87040FDF740
:10AFD000A5BE0548002818BFAFF3008062B6EFE7B2
:10AFE000000000008C0000200000000010B5FEF7FB
:10AFF0004BFABDE81040FEF7A7BE0000E580000058
:10B000007F820000E18300000B8400004B8400007D
:10B0100085840000B9840000F584000025850000C7
:10B0200099850000CF81000013120000532000001A
:10B030009D20000017120000BF20000045210000E5
:10B0400069220000512300001712000017120000AF
:10B050001712000081230000212400004124000079
:10B06000AB2A0000CF2A00001712000017120000C0
:10B07000012B0000912B0000C33D0000033F0000A6
:10B08000B1410000B1420000274300009543000099
:10B09000F9430000EB44000017120000AB4500002C
:10B0A00053240000B1240000DD240000AB26000082
:10B0B0000D27000017120000D5260000872700008A
:10B0C0008D2700001712000093270000B52700000D
:10B0D000FB270000131200001312000013120000DF
:10B0E00013120000131200007D53000003540000EF
:10B0F0001F5400003B540000D1550000655400006F
:10B100006F540000B1540000D3540000B755000044
:10B11000F955000013120000131200000D6F00001B
:10B12000376F0000396F0000736F0000A16F0000DF
:10B13000917000001F7100003371000083710000E6
:10B14000997200003D74000065750000875E000084
:10B150007D7500001312000013120000171200008A
:10B16000171200001712000017120000171200003B
:10B170009D170000D91300000D14000010011001EC
:10B180003A0200001A020004050600000700000051
:10B19000FFFFFFFF0000FFFF5FAE00006D1B000020
:10B1A0000B4F0000D15E0000BD79000000000000E0
:10B1B000257C00000D7C00007D7C00007D7C000073
:10B1C0007D7C00007D7C00007D7C00001C05004033
:10B1D00020050040AF6C00008F6C0000016D000086
:10B1E000E5520000A7520000C75200007DAD0000EC
:10B1F00009AE00001D380000216D000000000000B5
:10B20000516D0000375300000000000000000000F6
:10B2100000000000000000009D3800007F360000A4
:10B220007F3600002D20000029AE00005361000091
:10B230001B4E000043530100AF360000AF36000044
:10B240005120000059AE0000DB6100008F4E00006D
:10B250006D53010070017001400034005C00240057
:10B26000300100000300656C746200000000000003
:10B270000000000000000000000087000000000047
:10B2800000000000000000000000BE83605ADB0BDD
:10B29000376038A5F5AA9183886C00000100000092
:10B2A00097D800005FE700000000000102060304D9
:10B2B00005000000070000FB349B5F800000800059
:10B2C00010000000000000450302053102020400E6
:10B2D0003B0C0100BB0E0100430E0100530C0100AA
:10B2E000F33D0100F53D0100AAAED7AB154120109A
:10B2F0000C0802170D0101020909010106020918D3
:10B3000018030101090903030500000055555525DF
:10B310002627D6BE898E0000152D01002F2B010097
:10B32000BF2C0100F9270100F33D0100F53D0100AC
:10B330000100000000000000D7090000B700040071
:10B3400000000000FD6A0100156B0100196C01008E
:10B35000E96B01002D6B0100556B01007F6B010053
:10B36000B36B0100FB600100016001006F5C010034
:10B37000BF680100176A0100256A0100336A0100F5
:10B38000B9EF0000C1EF0000D3EF0000572D00001F
:10B39000712D0000452D00004F2D00007D2D000077
:10B3A000B32D00006F5C0100D32D0000E12D0000E3
:10B3B000EF2D0000FF2D0000172E00002F2E0000A3
:10B3C000452E00006F5C010000000000416A010092
:10B3D0004F6A01005B6A0100676A0100955C010029
:10B3E000595D0100836A0100A76A0100B36A010088
:10B3F00079EE0000756A01005B2E0000812E0000CE
:10B40000A52E0000CB2E000000100200001002004C
:10B41000FA0028561F53A505380C2651A1313412C5
:10B420003B5D121252DA000048B40100080000200F
:10B43000D0010000441100006CB40100D8010020CC
:10B44000580E00008011000001210551B0100020AD
:10B450000D5DBF0500207C0500200206002003537F
:0CB46000D540427F0599F80C0020000048
:00000001FF
